Employee ID,Name,Gender,DOB,Employment Begin Date
78,Christy Wood,F,2/3/1974,10/23/2016
80,Tonya D Ross,F,1/12/1965,12/26/2015
85,Curtis E Powell,M,2/22/1967,9/13/2013
86,Brett O Long,M,5/16/1976,10/23/2014
89,Alison P Flores,F,12/19/1974,10/9/2013
90,Philip L Washington,M,3/20/1972,7/12/2013
92,Jon L Simmons,M,3/4/1975,5/8/2015
94,Ricky O Gonzales,M,9/18/1968,1/9/2015
95,Erika S,F,10/16/1971,1/29/2016
96,Jonathon K,M,3/18/1967,2/20/2013
98,Ian O Griffin,M,1/22/1976,5/18/2015
99,Maria G Diaz,F,6/20/1976,11/2/2015
100,Mindy B Hayes,F,3/24/1976,1/7/2016
101,Carl R Myers,M,9/21/1966,6/13/2014
102,Pamela B Ford,F,4/13/1971,4/23/2015
103,Vanessa Hamilton,F,2/11/1970,6/10/2016
104,Casey T Graham,M,10/16/1972,12/3/2016
105,Russell V Sullivan,M,1/12/1967,11/20/2013
106,Casey N Wallace,F,2/4/1975,10/3/2013
107,Kristopher Q Woods,M,12/26/1975,5/17/2013
108,Valerie P Cole,F,11/14/1975,6/25/2015
109,Gabriel M West,M,8/11/1967,2/22/2014
110,Bobby I Jordan,M,12/6/1971,4/10/2015
111,Angel E Owens,F,11/19/1973,9/26/2013
112,Michele M Reynolds,F,9/1/1967,9/2/2015
113,Shawna V Fisher,F,4/26/1971,7/29/2015
114,Adrian Ellis,M,9/10/1971,2/6/2015
117,Clint M Mcdonald,M,10/23/1975,6/4/2014
118,Trisha Cruz,F,8/7/1966,11/13/2014
119,Latoya Marshall,F,3/24/1971,4/11/2014
120,Caleb Ortiz,M,11/24/1972,6/5/2016
121,Jaime I Gomez,F,1/5/1970,1/28/2015
123,Sabrina Q Freeman,F,4/19/1972,7/13/2013
124,Willie N Wells,M,1/14/1969,7/13/2016
125,Rebekah F Webb,F,10/20/1965,9/23/2016
126,Danny Simpson,M,6/8/1974,8/14/2014
127,Candice N Stevens,F,11/4/1974,1/27/2016
128,Wayne,M,9/16/1975,8/30/2013
132,Tabitha C Crawford,F,10/13/1975,10/25/2013
134,Mitchell K Boyd,M,12/17/1972,2/9/2016
136,Barry,M,5/17/1967,6/27/2014
139,Bridget Dixon,F,12/14/1965,1/23/2014
140,Kendra J Ramos,F,3/13/1971,12/17/2015
142,Darren F,M,10/14/1965,5/9/2013
143,Tia J Gordon,F,12/11/1972,1/1/2016
145,Linda J Holmes,F,6/16/1973,3/5/2015
146,Cara U Rice,F,3/3/1965,11/18/2015
147,Abby Robertson,F,9/7/1974,1/17/2014
148,Beau A Hunt,M,11/24/1975,6/4/2015
149,Latasha,F,10/18/1974,11/15/2013
298,Bradford Q Pena,M,10/15/1974,8/13/2013
299,Damian K Beck,M,10/17/1975,6/4/2013
302,Johnnie K Mcdaniel,M,12/5/1967,4/16/2014
303,Logan F Mendez,M,2/7/1974,12/4/2013
305,Stuart J Vaughn,M,4/21/1976,10/30/2015
307,Candy V Dawson,F,9/12/1965,1/21/2016
308,Chandra Santiago,F,4/21/1976,4/28/2016
309,Charlene G Norris,F,11/11/1973,7/15/2016
310,Bryon A Hardy,M,10/9/1970,3/18/2016
311,Cecil Love,M,1/14/1973,8/20/2015
313,Darius A Curry,M,5/23/1974,5/8/2016
314,Helen M Powers,F,4/8/1973,11/7/2013
315,Jessie,F,5/23/1967,6/16/2015
316,Elliott Barker,M,3/3/1973,1/23/2013
317,Garry N Guzman,M,4/24/1968,5/28/2015
319,Rita A Munoz,F,3/2/1973,7/28/2015
320,Ryan N Ball,F,6/1/1968,1/15/2015
321,Tiana Keller,F,1/21/1965,2/20/2014
322,Tiffanie J Chandler,F,1/11/1965,7/21/2015
378,Lamont M Walton,M,6/13/1975,7/7/2015
380,Nathanial Hampton,M,1/15/1970,3/20/2014
382,Oliver Patton,M,4/25/1965,4/30/2015
383,Kami Swanson,F,4/24/1976,4/12/2013
384,Solomon J,M,12/10/1974,11/11/2015
385,Maranda Francis,F,12/25/1975,6/26/2015
386,Maureen B Goodman,F,2/17/1970,8/17/2013
388,Misti V Yates,F,8/22/1965,2/28/2013
390,Priscilla E,F,2/6/1976,4/18/2013
391,Rhiannon Hodges,F,7/26/1973,4/29/2014
392,Tami E Rios,F,5/9/1967,12/26/2014
393,Francisco K Conner,M,7/6/1968,3/19/2016
395,Camille S Webster,F,2/5/1975,10/16/2015
396,Jarod B Norman,M,10/17/1974,2/23/2016
397,Javier U Malone,M,7/20/1974,11/26/2016
398,Jed B Hammond,M,9/14/1966,3/26/2013
400,Gwendolyn K Cobb,F,10/23/1969,10/3/2013
401,Johnathon P Moody,M,3/12/1965,5/11/2016
403,Lorenzo Blake,M,10/25/1969,9/5/2014
404,Mike A Maxwell,M,1/26/1971,6/30/2016
405,Kirsten B Pope,F,10/8/1971,8/13/2014
408,Lily C,F,8/9/1968,7/9/2016
410,Isabella L Rupp,F,4/22/1965,1/26/2014
413,Ethan K Onslow,F,3/21/1965,8/10/2015
416,Amy A Trefl,F,7/27/1975,3/24/2013
419,Jai I Lopez,M,3/29/1970,7/29/2015
422,Anthony V Gonzales,M,7/2/1965,10/9/2015
424,Taj R Shand,M,7/14/1976,3/15/2015
428,Hudson R Hollinworth,M,2/4/1975,4/21/2014
432,Jack Potter,M,2/25/1976,9/3/2015
434,Piper K Garcia,M,4/2/1970,8/30/2015
436,Hudson A Onslow,M,11/23/1965,5/25/2014
440,Sophia M,F,3/12/1976,6/24/2015
444,Henry G Forlonge,M,10/29/1973,6/21/2013
446,Stella F Rosenhain,F,6/29/1967,1/1/2016
448,Kayla Woodcock,F,10/2/1968,9/21/2015
452,Katie J Darwin,F,4/19/1975,11/9/2013
454,Alica L Fatnowna,F,12/31/1974,5/21/2013
458,Eva F Muirden,F,8/27/1974,6/24/2013
462,Archer Lamble,M,10/14/1966,7/19/2014
