Country,Country Code,Year,Total Expend %
"Afghanistan","AFG",2010,0.1707
"Angola","AGO",2010,0.0868
"Argentina","ARG",2010,0.1505
"Armenia","ARM",2010,0.124
"Aruba","ABW",2010,0.2214
"Australia","AUS",2010,0.1433
"Austria","AUT",2010,0.1079
"Azerbaijan","AZE",2010,0.087
"Barbados","BRB",2010,0.1745
"Belarus","BLR",2010,0.1178
"Belgium","BEL",2010,0.1201
"Belize","BLZ",2010,0.2238
"Benin","BEN",2010,0.2614
"Bermuda","BMU",2010,0.1293
"Bhutan","BTN",2010,0.1103
"Bolivia","BOL",2010,0.2413
"Brazil","BRA",2010,0.1456
"Brunei Darussalam","BRN",2010,0.053
"Bulgaria","BGR",2010,0.1116
"Burkina Faso","BFA",2010,0.1617
"Burundi","BDI",2010,0.1659
"Cabo Verde","CPV",2010,0.1422
"Cambodia","KHM",2010,0.0734
"Cameroon","CMR",2010,0.1875
"Canada","CAN",2010,0.1234
"Central African Republic","CAF",2010,0.0648
"Chad","TCD",2010,0.0812
"Chile","CHL",2010,0.1784
"Colombia","COL",2010,0.1642
"Congo, Dem. Rep.","COD",2010,0.0966
"Congo, Rep.","COG",2010,0.2473
"Costa Rica","CRI",2010,0.2288
"Cote d'Ivoire","CIV",2010,0.2277
"Croatia","HRV",2010,0.0896
"Cyprus","CYP",2010,0.1565
"Czech Republic","CZE",2010,0.0934
"Denmark","DNK",2010,0.151
"Djibouti","DJI",2010,0.1233
"Ecuador","ECU",2010,0.13
"El Salvador","SLV",2010,0.1616
"Estonia","EST",2010,0.1364
"Eswatini","SWZ",2010,0.1828
"Ethiopia","ETH",2010,0.263
"Finland","FIN",2010,0.1195
"France","FRA",2010,0.1001
"Gabon","GAB",2010,0.1333
"Gambia, The","GMB",2010,0.1761
"Germany","DEU",2010,0.104
"Ghana","GHA",2010,0.207
"Guatemala","GTM",2010,0.193
"Guinea","GIN",2010,0.1244
"Guinea-Bissau","GNB",2010,0.0907
"Guyana","GUY",2010,0.1184
"Hong Kong SAR, China","HKG",2010,0.1991
"Hungary","HUN",2010,0.0969
"Iceland","ISL",2010,0.146
"India","IND",2010,0.1183
"Indonesia","IDN",2010,0.1665
"Iran, Islamic Rep.","IRN",2010,0.188
"Ireland","IRL",2010,0.0928
"Israel","ISR",2010,0.1371
"Italy","ITA",2010,0.0872
"Jamaica","JAM",2010,0.161
"Japan","JPN",2010,0.0921
"Kenya","KEN",2010,0.2056
"Kyrgyz Republic","KGZ",2010,0.1568
"Lao PDR","LAO",2010,0.0728
"Latvia","LVA",2010,0.1181
"Lebanon","LBN",2010,0.0553
"Lithuania","LTU",2010,0.1286
"Macao SAR, China","MAC",2010,0.1298
"Malawi","MWI",2010,0.1252
"Malaysia","MYS",2010,0.1841
"Maldives","MDV",2010,0.1246
"Mali","MLI",2010,0.165
"Malta","MLT",2010,0.1572
"Mauritania","MRT",2010,0.1604
"Mauritius","MUS",2010,0.1457
"Mexico","MEX",2010,0.1864
"Moldova","MDA",2010,0.2227
"Monaco","MCO",2010,0.0636
"Mongolia","MNG",2010,0.1471
"Nepal","NPL",2010,0.1603
"Netherlands","NLD",2010,0.1167
"New Zealand","NZL",2010,0.1569
"Nicaragua","NIC",2010,0.2275
"Niger","NER",2010,0.181
"Norway","NOR",2010,0.1523
"Pakistan","PAK",2010,0.1186
"Paraguay","PRY",2010,0.1876
"Peru","PER",2010,0.1356
"Poland","POL",2010,0.1106
"Portugal","PRT",2010,0.1043
"Qatar","QAT",2010,0.1382
"Romania","ROU",2010,0.0913
"Rwanda","RWA",2010,0.1755
"San Marino","SMR",2010,0.1078
"Sao Tome and Principe","STP",2010,0.1932
"Senegal","SEN",2010,0.2405
"Serbia","SRB",2010,0.101
"Sierra Leone","SLE",2010,0.128
"Singapore","SGP",2010,0.1717
"Slovak Republic","SVK",2010,0.0977
"Slovenia","SVN",2010,0.1208
"Solomon Islands","SLB",2010,0.1748
"South Africa","ZAF",2010,0.1804
"Spain","ESP",2010,0.1056
"Sri Lanka","LKA",2010,0.0861
"St. Lucia","LCA",2010,0.142
"St. Vincent and the Grenadines","VCT",2010,0.1549
"Sweden","SWE",2010,0.1331
"Switzerland","CHE",2010,0.1539
"Tajikistan","TJK",2010,0.1533
"Tanzania","TZA",2010,0.1965
"Thailand","THA",2010,0.1622
"Timor-Leste","TLS",2010,0.0915
"Togo","TGO",2010,0.1962
"Tunisia","TUN",2010,0.2485
"Uganda","UGA",2010,0.101
"United Kingdom","GBR",2010,0.1303
"Vietnam","VNM",2010,0.1711
"Zimbabwe","ZWE",2010,0.0854
"Afghanistan","AFG",2013,0.141
"Albania","ALB",2013,0.1212
"Andorra","AND",2013,0.0804
"Argentina","ARG",2013,0.1446
"Armenia","ARM",2013,0.1114
"Aruba","ABW",2013,0.2187
"Australia","AUS",2013,0.1404
"Austria","AUT",2013,0.1074
"Azerbaijan","AZE",2013,0.0646
"Bahrain","BHR",2013,0.0722
"Bangladesh","BGD",2013,0.1382
"Barbados","BRB",2013,0.1484
"Belarus","BLR",2013,0.1227
"Belgium","BEL",2013,0.1189
"Belize","BLZ",2013,0.2224
"Benin","BEN",2013,0.2234
"Bhutan","BTN",2013,0.1617
"Bolivia","BOL",2013,0.1628
"Brazil","BRA",2013,0.1559
"Bulgaria","BGR",2013,0.1144
"Burkina Faso","BFA",2013,0.1617
"Burundi","BDI",2013,0.1724
"Cabo Verde","CPV",2013,0.1478
"Cambodia","KHM",2013,0.096
"Cameroon","CMR",2013,0.1382
"Chad","TCD",2013,0.1246
"Chile","CHL",2013,0.1965
"Colombia","COL",2013,0.1691
"Comoros","COM",2013,0.1607
"Congo, Dem. Rep.","COD",2013,0.1627
"Costa Rica","CRI",2013,0.2283
"Cote d'Ivoire","CIV",2013,0.2157
"Croatia","HRV",2013,0.0949
"Cyprus","CYP",2013,0.1536
"Czech Republic","CZE",2013,0.096
"Denmark","DNK",2013,0.1522
"Ecuador","ECU",2013,0.1144
"El Salvador","SLV",2013,0.1556
"Estonia","EST",2013,0.1258
"Ethiopia","ETH",2013,0.2702
"Fiji","FJI",2013,0.143
"Finland","FIN",2013,0.1245
"France","FRA",2013,0.0961
"Gabon","GAB",2013,0.0874
"Gambia, The","GMB",2013,0.1029
"Germany","DEU",2013,0.1104
"Ghana","GHA",2013,0.2122
"Guatemala","GTM",2013,0.2064
"Guinea","GIN",2013,0.1413
"Guinea-Bissau","GNB",2013,0.1619
"Honduras","HND",2013,0.1986
"Hong Kong SAR, China","HKG",2013,0.203
"Hungary","HUN",2013,0.0853
"Iceland","ISL",2013,0.1767
"India","IND",2013,0.1405
"Indonesia","IDN",2013,0.176
"Iran, Islamic Rep.","IRN",2013,0.2167
"Ireland","IRL",2013,0.1321
"Israel","ISR",2013,0.1459
"Italy","ITA",2013,0.0816
"Jamaica","JAM",2013,0.2057
"Japan","JPN",2013,0.0931
"Kenya","KEN",2013,0.1914
"Kyrgyz Republic","KGZ",2013,0.1777
"Lao PDR","LAO",2013,0.1281
"Latvia","LVA",2013,0.1874
"Lebanon","LBN",2013,0.0858
"Liberia","LBR",2013,0.0467
"Lithuania","LTU",2013,0.1329
"Macao SAR, China","MAC",2013,0.1259
"Madagascar","MDG",2013,0.1399
"Malawi","MWI",2013,0.2042
"Malaysia","MYS",2013,0.1945
"Maldives","MDV",2013,0.1391
"Mali","MLI",2013,0.1662
"Malta","MLT",2013,0.1878
"Mauritania","MRT",2013,0.1141
"Mauritius","MUS",2013,0.1479
"Mexico","MEX",2013,0.1691
"Monaco","MCO",2013,0.0706
"Mongolia","MNG",2013,0.1232
"Mozambique","MOZ",2013,0.1898
"Nepal","NPL",2013,0.1757
"Netherlands","NLD",2013,0.1209
"New Zealand","NZL",2013,0.1655
"Niger","NER",2013,0.1808
"Norway","NOR",2013,0.1727
"Oman","OMN",2013,0.1108
"Pakistan","PAK",2013,0.1151
"Peru","PER",2013,0.1522
"Poland","POL",2013,0.116
"Portugal","PRT",2013,0.1057
"Qatar","QAT",2013,0.1315
"Russian Federation","RUS",2013,0.1086
"Rwanda","RWA",2013,0.1686
"Sao Tome and Principe","STP",2013,0.1883
"Senegal","SEN",2013,0.2574
"Seychelles","SYC",2013,0.0955
"Sierra Leone","SLE",2013,0.152
"Singapore","SGP",2013,0.1996
"Slovak Republic","SVK",2013,0.0986
"Slovenia","SVN",2013,0.1
"South Africa","ZAF",2013,0.1917
"South Sudan","SSD",2013,0.0323
"Spain","ESP",2013,0.095
"Sri Lanka","LKA",2013,0.0942
"St. Lucia","LCA",2013,0.1385
"Sweden","SWE",2013,0.1514
"Switzerland","CHE",2013,0.1521
"Thailand","THA",2013,0.1913
"Timor-Leste","TLS",2013,0.0589
"Togo","TGO",2013,0.1659
"Uganda","UGA",2013,0.1174
"Ukraine","UKR",2013,0.1387
"United Kingdom","GBR",2013,0.1292
"United States","USA",2013,0.1339
"Uzbekistan","UZB",2013,0.2332
"Vietnam","VNM",2013,0.1852
"Zimbabwe","ZWE",2013,0.2866
"Albania","ALB",2002,0.0989
"Antigua and Barbuda","ATG",2002,0.117
"Argentina","ARG",2002,0.1644
"Aruba","ABW",2002,0.1976
"Austria","AUT",2002,0.1053
"Azerbaijan","AZE",2002,0.1363
"Bangladesh","BGD",2002,0.1569
"Barbados","BRB",2002,0.2472
"Benin","BEN",2002,0.1413
"Bolivia","BOL",2002,0.1871
"Brazil","BRA",2002,0.0964
"Bulgaria","BGR",2002,0.0965
"Burundi","BDI",2002,0.1249
"Cabo Verde","CPV",2002,0.1977
"Cambodia","KHM",2002,0.1014
"Canada","CAN",2002,0.1215
"Central African Republic","CAF",2002,0.0921
"Chile","CHL",2002,0.1745
"Colombia","COL",2002,0.153
"Comoros","COM",2002,0.1579
"Congo, Rep.","COG",2002,0.0905
"Costa Rica","CRI",2002,0.1924
"Cote d'Ivoire","CIV",2002,0.2259
"Croatia","HRV",2002,0.0797
"Cyprus","CYP",2002,0.1491
"Czech Republic","CZE",2002,0.0886
"Denmark","DNK",2002,0.1543
"Djibouti","DJI",2002,0.2549
"Dominican Republic","DOM",2002,0.1208
"El Salvador","SLV",2002,0.1549
"Eritrea","ERI",2002,0.0563
"Estonia","EST",2002,0.1515
"Eswatini","SWZ",2002,0.1729
"Ethiopia","ETH",2002,0.1619
"Fiji","FJI",2002,0.2104
"Finland","FIN",2002,0.1268
"France","FRA",2002,0.1029
"Gambia, The","GMB",2002,0.1095
"Georgia","GEO",2002,0.136
"Greece","GRC",2002,0.0748
"Guinea","GIN",2002,0.1306
"Guyana","GUY",2002,0.169
"Hong Kong SAR, China","HKG",2002,0.2221
"Hungary","HUN",2002,0.1018
"Iceland","ISL",2002,0.1709
"Indonesia","IDN",2002,0.1437
"Iran, Islamic Rep.","IRN",2002,0.2633
"Ireland","IRL",2002,0.1237
"Israel","ISR",2002,0.1257
"Italy","ITA",2002,0.0951
"Jamaica","JAM",2002,0.1836
"Japan","JPN",2002,0.0962
"Kazakhstan","KAZ",2002,0.1476
"Kenya","KEN",2002,0.2563
"Kuwait","KWT",2002,0.1526
"Kyrgyz Republic","KGZ",2002,0.1515
"Lao PDR","LAO",2002,0.162
"Latvia","LVA",2002,0.1637
"Lebanon","LBN",2002,0.0706
"Lesotho","LSO",2002,0.2436
"Lithuania","LTU",2002,0.1747
"Macao SAR, China","MAC",2002,0.1071
"Madagascar","MDG",2002,0.1794
"Malaysia","MYS",2002,0.259
"Maldives","MDV",2002,0.2124
"Mali","MLI",2002,0.1453
"Malta","MLT",2002,0.0954
"Marshall Islands","MHL",2002,0.1481
"Mauritius","MUS",2002,0.1292
"Mexico","MEX",2002,0.2146
"Moldova","MDA",2002,0.1788
"Mongolia","MNG",2002,0.2031
"Nepal","NPL",2002,0.2044
"Netherlands","NLD",2002,0.1123
"New Zealand","NZL",2002,0.1677
"Nicaragua","NIC",2002,0.1569
"Niger","NER",2002,0.1665
"North Macedonia","MKD",2002,0.0864
"Norway","NOR",2002,0.1626
"Oman","OMN",2002,0.1106
"Palau","PLW",2002,0.1554
"Panama","PAN",2002,0.1696
"Paraguay","PRY",2002,0.1882
"Peru","PER",2002,0.1458
"Philippines","PHL",2002,0.1407
"Poland","POL",2002,0.1189
"Portugal","PRT",2002,0.119
"Qatar","QAT",2002,0.1201
"Romania","ROU",2002,0.1092
"Russian Federation","RUS",2002,0.1058
"Samoa","WSM",2002,0.1279
"Sao Tome and Principe","STP",2002,0.0643
"Saudi Arabia","SAU",2002,0.2129
"Senegal","SEN",2002,0.1672
"Seychelles","SYC",2002,0.0922
"Sierra Leone","SLE",2002,0.177
"Singapore","SGP",2002,0.1818
"Slovak Republic","SVK",2002,0.0942
"Slovenia","SVN",2002,0.1373
"South Africa","ZAF",2002,0.201
"Spain","ESP",2002,0.1071
"St. Kitts and Nevis","KNA",2002,0.1106
"St. Vincent and the Grenadines","VCT",2002,0.287
"Sudan","SDN",2002,0.1104
"Sweden","SWE",2002,0.1321
"Switzerland","CHE",2002,0.1531
"Syrian Arab Republic","SYR",2002,0.1683
"Tajikistan","TJK",2002,0.1459
"Thailand","THA",2002,0.1622
"Togo","TGO",2002,0.307
"Tonga","TON",2002,0.1546
"Trinidad and Tobago","TTO",2002,0.1429
"Tunisia","TUN",2002,0.2288
"Turkey","TUR",2002,0.0665
"Ukraine","UKR",2002,0.1436
"United Kingdom","GBR",2002,0.1351
"Uruguay","URY",2002,0.0769
"Vanuatu","VUT",2002,0.3641
"Afghanistan","AFG",2011,0.1605
"Argentina","ARG",2011,0.1516
"Armenia","ARM",2011,0.1259
"Aruba","ABW",2011,0.2175
"Australia","AUS",2011,0.135
"Austria","AUT",2011,0.1099
"Azerbaijan","AZE",2011,0.0722
"Bangladesh","BGD",2011,0.1679
"Belarus","BLR",2011,0.1163
"Belgium","BEL",2011,0.117
"Bhutan","BTN",2011,0.1129
"Bolivia","BOL",2011,0.1948
"Brazil","BRA",2011,0.1527
"Brunei Darussalam","BRN",2011,0.0918
"Bulgaria","BGR",2011,0.111
"Burkina Faso","BFA",2011,0.195
"Burundi","BDI",2011,0.1498
"Cabo Verde","CPV",2011,0.1515
"Cambodia","KHM",2011,0.0734
"Cameroon","CMR",2011,0.1487
"Canada","CAN",2011,0.1222
"Central African Republic","CAF",2011,0.0783
"Chad","TCD",2011,0.1008
"Chile","CHL",2011,0.1775
"Colombia","COL",2011,0.1553
"Comoros","COM",2011,0.2141
"Costa Rica","CRI",2011,0.2301
"Cote d'Ivoire","CIV",2011,0.2243
"Croatia","HRV",2011,0.0852
"Cyprus","CYP",2011,0.155
"Czech Republic","CZE",2011,0.0993
"Denmark","DNK",2011,0.1504
"Ecuador","ECU",2011,0.1198
"El Salvador","SLV",2011,0.1587
"Estonia","EST",2011,0.1341
"Eswatini","SWZ",2011,0.2233
"Ethiopia","ETH",2011,0.2967
"Fiji","FJI",2011,0.1438
"Finland","FIN",2011,0.1192
"France","FRA",2011,0.098
"Gabon","GAB",2011,0.1374
"Gambia, The","GMB",2011,0.1512
"Georgia","GEO",2011,0.0927
"Germany","DEU",2011,0.1075
"Ghana","GHA",2011,0.3063
"Guatemala","GTM",2011,0.2025
"Guinea","GIN",2011,0.1426
"Guinea-Bissau","GNB",2011,0.102
"Guyana","GUY",2011,0.1172
"Hong Kong SAR, China","HKG",2011,0.2015
"Hungary","HUN",2011,0.093
"Iceland","ISL",2011,0.1542
"India","IND",2011,0.1356
"Indonesia","IDN",2011,0.1801
"Iran, Islamic Rep.","IRN",2011,0.1913
"Ireland","IRL",2011,0.1257
"Israel","ISR",2011,0.1399
"Italy","ITA",2011,0.0839
"Jamaica","JAM",2011,0.1858
"Japan","JPN",2011,0.0945
"Kenya","KEN",2011,0.1925
"Kyrgyz Republic","KGZ",2011,0.1817
"Lao PDR","LAO",2011,0.0801
"Latvia","LVA",2011,0.1272
"Lebanon","LBN",2011,0.0573
"Lithuania","LTU",2011,0.1234
"Macao SAR, China","MAC",2011,0.1463
"Madagascar","MDG",2011,0.1978
"Malawi","MWI",2011,0.151
"Malaysia","MYS",2011,0.2098
"Maldives","MDV",2011,0.1171
"Mali","MLI",2011,0.1826
"Malta","MLT",2011,0.189
"Mauritania","MRT",2011,0.1368
"Mauritius","MUS",2011,0.1385
"Mexico","MEX",2011,0.1842
"Moldova","MDA",2011,0.2192
"Monaco","MCO",2011,0.0808
"Mongolia","MNG",2011,0.1215
"Myanmar","MMR",2011,0.054
"Nepal","NPL",2011,0.1798
"Netherlands","NLD",2011,0.1189
"New Zealand","NZL",2011,0.1578
"Niger","NER",2011,0.2168
"Norway","NOR",2011,0.1496
"Pakistan","PAK",2011,0.1092
"Panama","PAN",2011,0.1302
"Paraguay","PRY",2011,0.233
"Peru","PER",2011,0.1355
"Poland","POL",2011,0.1098
"Portugal","PRT",2011,0.1024
"Qatar","QAT",2011,0.1311
"Romania","ROU",2011,0.0833
"Rwanda","RWA",2011,0.1534
"San Marino","SMR",2011,0.1064
"Senegal","SEN",2011,0.2109
"Serbia","SRB",2011,0.1018
"Seychelles","SYC",2011,0.1039
"Sierra Leone","SLE",2011,0.1241
"Singapore","SGP",2011,0.1989
"Slovak Republic","SVK",2011,0.0971
"Slovenia","SVN",2011,0.1207
"South Africa","ZAF",2011,0.1896
"South Sudan","SSD",2011,0.0395
"Spain","ESP",2011,0.1062
"Sri Lanka","LKA",2011,0.0911
"St. Lucia","LCA",2011,0.1384
"Sweden","SWE",2011,0.1318
"Switzerland","CHE",2011,0.1555
"Tajikistan","TJK",2011,0.1456
"Thailand","THA",2011,0.2263
"Timor-Leste","TLS",2011,0.0765
"Togo","TGO",2011,0.169
"Uganda","UGA",2011,0.1361
"Ukraine","UKR",2011,0.1348
"United Kingdom","GBR",2011,0.127
"Uruguay","URY",2011,0.1493
"Vietnam","VNM",2011,0.1781
"Albania","ALB",2004,0.107
"Argentina","ARG",2004,0.1514
"Aruba","ABW",2004,0.149
"Austria","AUT",2004,0.0987
"Azerbaijan","AZE",2004,0.1424
"Bangladesh","BGD",2004,0.1595
"Barbados","BRB",2004,0.1782
"Belarus","BLR",2004,0.1255
"Belize","BLZ",2004,0.1625
"Benin","BEN",2004,0.1921
"Bermuda","BMU",2004,0.1111
"Bhutan","BTN",2004,0.187
"Brazil","BRA",2004,0.1039
"Bulgaria","BGR",2004,0.067
"Burundi","BDI",2004,0.0918
"Cabo Verde","CPV",2004,0.2084
"Cambodia","KHM",2004,0.124
"Cameroon","CMR",2004,0.2085
"Central African Republic","CAF",2004,0.1206
"Chad","TCD",2004,0.1103
"Chile","CHL",2004,0.1702
"Colombia","COL",2004,0.1544
"Congo, Rep.","COG",2004,0.0856
"Costa Rica","CRI",2004,0.2043
"Cote d'Ivoire","CIV",2004,0.2211
"Croatia","HRV",2004,0.0812
"Cyprus","CYP",2004,0.1583
"Czech Republic","CZE",2004,0.0943
"Denmark","DNK",2004,0.1549
"Djibouti","DJI",2004,0.247
"Egypt, Arab Rep.","EGY",2004,0.1475
"Eritrea","ERI",2004,0.0574
"Estonia","EST",2004,0.1431
"Eswatini","SWZ",2004,0.211
"Fiji","FJI",2004,0.2375
"Finland","FIN",2004,0.1278
"France","FRA",2004,0.1068
"Gambia, The","GMB",2004,0.0503
"Georgia","GEO",2004,0.1504
"Ghana","GHA",2004,0.2238
"Greece","GRC",2004,0.077
"Guinea","GIN",2004,0.1231
"Guyana","GUY",2004,0.1108
"Hong Kong SAR, China","HKG",2004,0.2315
"Hungary","HUN",2004,0.1101
"Iceland","ISL",2004,0.1681
"India","IND",2004,0.112
"Indonesia","IDN",2004,0.1417
"Iran, Islamic Rep.","IRN",2004,0.2147
"Ireland","IRL",2004,0.1353
"Israel","ISR",2004,0.1344
"Italy","ITA",2004,0.0939
"Jamaica","JAM",2004,0.1173
"Japan","JPN",2004,0.0964
"Kazakhstan","KAZ",2004,0.1061
"Kenya","KEN",2004,0.2667
"Kuwait","KWT",2004,0.1495
"Kyrgyz Republic","KGZ",2004,0.1624
"Lao PDR","LAO",2004,0.1624
"Latvia","LVA",2004,0.145
"Lebanon","LBN",2004,0.0793
"Lesotho","LSO",2004,0.2765
"Lithuania","LTU",2004,0.1557
"Macao SAR, China","MAC",2004,0.09
"Madagascar","MDG",2004,0.1296
"Malaysia","MYS",2004,0.2101
"Maldives","MDV",2004,0.1948
"Mali","MLI",2004,0.1774
"Malta","MLT",2004,0.1055
"Mauritania","MRT",2004,0.0818
"Mauritius","MUS",2004,0.1739
"Mexico","MEX",2004,0.2205
"Moldova","MDA",2004,0.1945
"Monaco","MCO",2004,0.0593
"Mongolia","MNG",2004,0.1357
"Mozambique","MOZ",2004,0.18
"Nepal","NPL",2004,0.2161
"Netherlands","NLD",2004,0.1188
"New Zealand","NZL",2004,0.17
"Norway","NOR",2004,0.1644
"Oman","OMN",2004,0.1032
"Pakistan","PAK",2004,0.1123
"Panama","PAN",2004,0.1457
"Paraguay","PRY",2004,0.1822
"Peru","PER",2004,0.1527
"Philippines","PHL",2004,0.1275
"Poland","POL",2004,0.1229
"Portugal","PRT",2004,0.1097
"Qatar","QAT",2004,0.1205
"Romania","ROU",2004,0.0984
"Russian Federation","RUS",2004,0.1118
"Sao Tome and Principe","STP",2004,0.0585
"Saudi Arabia","SAU",2004,0.2019
"Senegal","SEN",2004,0.1696
"Sierra Leone","SLE",2004,0.1715
"Singapore","SGP",2004,0.2031
"Slovak Republic","SVK",2004,0.1086
"Slovenia","SVN",2004,0.135
"South Africa","ZAF",2004,0.1993
"Spain","ESP",2004,0.1072
"St. Kitts and Nevis","KNA",2004,0.1179
"St. Lucia","LCA",2004,0.1504
"Sudan","SDN",2004,0.0795
"Sweden","SWE",2004,0.1306
"Switzerland","CHE",2004,0.1622
"Syrian Arab Republic","SYR",2004,0.1715
"Tajikistan","TJK",2004,0.1368
"Tanzania","TZA",2004,0.1949
"Thailand","THA",2004,0.2146
"Togo","TGO",2004,0.2183
"Tonga","TON",2004,0.181
"Tunisia","TUN",2004,0.2783
"Turkey","TUR",2004,0.0865
"Uganda","UGA",2004,0.2031
"Ukraine","UKR",2004,0.1278
"United Kingdom","GBR",2004,0.1294
"Uruguay","URY",2004,0.0839
"Zambia","ZMB",2004,0.1058
"Algeria","DZA",2008,0.1143
"Argentina","ARG",2008,0.1575
"Armenia","ARM",2008,0.1427
"Aruba","ABW",2008,0.1904
"Australia","AUS",2008,0.126
"Austria","AUT",2008,0.1056
"Azerbaijan","AZE",2008,0.0776
"Bahrain","BHR",2008,0.1056
"Bangladesh","BGD",2008,0.1782
"Barbados","BRB",2008,0.1517
"Belgium","BEL",2008,0.1251
"Belize","BLZ",2008,0.1806
"Benin","BEN",2008,0.1909
"Bhutan","BTN",2008,0.1502
"Bolivia","BOL",2008,0.1992
"Brazil","BRA",2008,0.1408
"Bulgaria","BGR",2008,0.1261
"Burundi","BDI",2008,0.1262
"Cabo Verde","CPV",2008,0.1824
"Cameroon","CMR",2008,0.1559
"Canada","CAN",2008,0.1201
"Central African Republic","CAF",2008,0.0786
"Chile","CHL",2008,0.174
"Colombia","COL",2008,0.1468
"Comoros","COM",2008,0.2923
"Costa Rica","CRI",2008,0.2081
"Cote d'Ivoire","CIV",2008,0.2153
"Croatia","HRV",2008,0.0955
"Cyprus","CYP",2008,0.1759
"Czech Republic","CZE",2008,0.0921
"Denmark","DNK",2008,0.1483
"Egypt, Arab Rep.","EGY",2008,0.1094
"El Salvador","SLV",2008,0.1945
"Estonia","EST",2008,0.1388
"Eswatini","SWZ",2008,0.2181
"Ethiopia","ETH",2008,0.2636
"Fiji","FJI",2008,0.1737
"Finland","FIN",2008,0.1212
"France","FRA",2008,0.1023
"Gambia, The","GMB",2008,0.1888
"Georgia","GEO",2008,0.0894
"Germany","DEU",2008,0.1012
"Ghana","GHA",2008,0.2404
"Guatemala","GTM",2008,0.2335
"Guinea","GIN",2008,0.1568
"Hong Kong SAR, China","HKG",2008,0.2292
"Hungary","HUN",2008,0.1027
"Iceland","ISL",2008,0.1303
"Indonesia","IDN",2008,0.1367
"Iran, Islamic Rep.","IRN",2008,0.2058
"Ireland","IRL",2008,0.1302
"Israel","ISR",2008,0.1317
"Italy","ITA",2008,0.0921
"Jamaica","JAM",2008,0.1912
"Japan","JPN",2008,0.0976
"Kazakhstan","KAZ",2008,0.1365
"Kyrgyz Republic","KGZ",2008,0.2121
"Lao PDR","LAO",2008,0.1396
"Latvia","LVA",2008,0.1476
"Lebanon","LBN",2008,0.0587
"Lesotho","LSO",2008,0.247
"Liberia","LBR",2008,0.0645
"Lithuania","LTU",2008,0.1305
"Macao SAR, China","MAC",2008,0.1045
"Madagascar","MDG",2008,0.1626
"Malaysia","MYS",2008,0.1404
"Maldives","MDV",2008,0.1262
"Mali","MLI",2008,0.1803
"Malta","MLT",2008,0.1307
"Mauritania","MRT",2008,0.1388
"Mauritius","MUS",2008,0.1404
"Mexico","MEX",2008,0.1738
"Moldova","MDA",2008,0.1985
"Morocco","MAR",2008,0.1747
"Nepal","NPL",2008,0.2223
"Netherlands","NLD",2008,0.1188
"New Zealand","NZL",2008,0.1408
"Niger","NER",2008,0.1618
"Norway","NOR",2008,0.1586
"Pakistan","PAK",2008,0.141
"Panama","PAN",2008,0.1489
"Peru","PER",2008,0.1453
"Philippines","PHL",2008,0.1444
"Poland","POL",2008,0.1138
"Portugal","PRT",2008,0.1037
"Qatar","QAT",2008,0.1506
"Romania","ROU",2008,0.1162
"Russian Federation","RUS",2008,0.1196
"Rwanda","RWA",2008,0.1559
"Samoa","WSM",2008,0.1606
"Sao Tome and Principe","STP",2008,0.1824
"Saudi Arabia","SAU",2008,0.1926
"Senegal","SEN",2008,0.1923
"Serbia","SRB",2008,0.1039
"Sierra Leone","SLE",2008,0.1493
"Singapore","SGP",2008,0.1994
"Slovak Republic","SVK",2008,0.0955
"Slovenia","SVN",2008,0.1255
"Solomon Islands","SLB",2008,0.1882
"South Africa","ZAF",2008,0.1791
"Spain","ESP",2008,0.1094
"St. Lucia","LCA",2008,0.1994
"Sudan","SDN",2008,0.0939
"Sweden","SWE",2008,0.1303
"Switzerland","CHE",2008,0.1601
"Syrian Arab Republic","SYR",2008,0.2004
"Tajikistan","TJK",2008,0.128
"Tanzania","TZA",2008,0.1878
"Thailand","THA",2008,0.1816
"Timor-Leste","TLS",2008,0.0709
"Togo","TGO",2008,0.1925
"Tunisia","TUN",2008,0.2526
"Ukraine","UKR",2008,0.1356
"United Kingdom","GBR",2008,0.1295
"Vanuatu","VUT",2008,0.2141
"Vietnam","VNM",2008,0.1805
"Yemen, Rep.","YEM",2008,0.1249
"Zambia","ZMB",2008,0.0565
"Antigua and Barbuda","ATG",2009,0.0693
"Argentina","ARG",2009,0.1602
"Armenia","ARM",2009,0.1345
"Aruba","ABW",2009,0.2154
"Australia","AUS",2009,0.1342
"Austria","AUT",2009,0.1058
"Azerbaijan","AZE",2009,0.0934
"Bangladesh","BGD",2009,0.1403
"Barbados","BRB",2009,0.1554
"Belarus","BLR",2009,0.0845
"Belgium","BEL",2009,0.1185
"Belize","BLZ",2009,0.2157
"Benin","BEN",2009,0.1818
"Bermuda","BMU",2009,0.1397
"Bhutan","BTN",2009,0.1414
"Bolivia","BOL",2009,0.2256
"Botswana","BWA",2009,0.2048
"Brazil","BRA",2009,0.1472
"Bulgaria","BGR",2009,0.1266
"Burundi","BDI",2009,0.163
"Cabo Verde","CPV",2009,0.1589
"Cambodia","KHM",2009,0.0817
"Cameroon","CMR",2009,0.1978
"Canada","CAN",2009,0.1248
"Central African Republic","CAF",2009,0.0784
"Chad","TCD",2009,0.0954
"Chile","CHL",2009,0.1704
"Colombia","COL",2009,0.1608
"Costa Rica","CRI",2009,0.2341
"Cote d'Ivoire","CIV",2009,0.2219
"Croatia","HRV",2009,0.0923
"Cyprus","CYP",2009,0.172
"Czech Republic","CZE",2009,0.0944
"Denmark","DNK",2009,0.1494
"Ecuador","ECU",2009,0.1317
"El Salvador","SLV",2009,0.1855
"Estonia","EST",2009,0.1293
"Eswatini","SWZ",2009,0.1939
"Ethiopia","ETH",2009,0.2358
"Fiji","FJI",2009,0.1585
"Finland","FIN",2009,0.1184
"France","FRA",2009,0.1005
"Gambia, The","GMB",2009,0.1329
"Georgia","GEO",2009,0.09
"Germany","DEU",2009,0.1026
"Ghana","GHA",2009,0.225
"Guinea","GIN",2009,0.1358
"Guyana","GUY",2009,0.1024
"Hong Kong SAR, China","HKG",2009,0.238
"Hungary","HUN",2009,0.0986
"Iceland","ISL",2009,0.1516
"India","IND",2009,0.1119
"Indonesia","IDN",2009,0.1931
"Iran, Islamic Rep.","IRN",2009,0.1802
"Ireland","IRL",2009,0.1305
"Israel","ISR",2009,0.1306
"Italy","ITA",2009,0.0887
"Jamaica","JAM",2009,0.1755
"Kazakhstan","KAZ",2009,0.1304
"Kyrgyz Republic","KGZ",2009,0.1915
"Lao PDR","LAO",2009,0.0817
"Latvia","LVA",2009,0.1303
"Lebanon","LBN",2009,0.055
"Lithuania","LTU",2009,0.1278
"Macao SAR, China","MAC",2009,0.1137
"Madagascar","MDG",2009,0.2259
"Malaysia","MYS",2009,0.1846
"Maldives","MDV",2009,0.1563
"Mali","MLI",2009,0.1696
"Malta","MLT",2009,0.1234
"Mauritius","MUS",2009,0.1325
"Mexico","MEX",2009,0.1867
"Moldova","MDA",2009,0.2099
"Monaco","MCO",2009,0.066
"Mongolia","MNG",2009,0.1451
"Morocco","MAR",2009,0.173
"Nepal","NPL",2009,0.1987
"Netherlands","NLD",2009,0.1162
"New Zealand","NZL",2009,0.1534
"Niger","NER",2009,0.1891
"Norway","NOR",2009,0.1564
"Oman","OMN",2009,0.1095
"Pakistan","PAK",2009,0.1186
"Peru","PER",2009,0.146
"Philippines","PHL",2009,0.1321
"Poland","POL",2009,0.1108
"Portugal","PRT",2009,0.1107
"Qatar","QAT",2009,0.1484
"Romania","ROU",2009,0.1102
"Sao Tome and Principe","STP",2009,0.2056
"Senegal","SEN",2009,0.233
"Serbia","SRB",2009,0.1048
"Sierra Leone","SLE",2009,0.159
"Singapore","SGP",2009,0.172
"Slovak Republic","SVK",2009,0.091
"Slovenia","SVN",2009,0.123
"Solomon Islands","SLB",2009,0.1679
"South Africa","ZAF",2009,0.1831
"Spain","ESP",2009,0.1063
"Sri Lanka","LKA",2009,0.0827
"St. Lucia","LCA",2009,0.139
"St. Vincent and the Grenadines","VCT",2009,0.1734
"Sudan","SDN",2009,0.1078
"Sweden","SWE",2009,0.1326
"Switzerland","CHE",2009,0.1564
"Syrian Arab Republic","SYR",2009,0.1918
"Tajikistan","TJK",2009,0.1431
"Tanzania","TZA",2009,0.1741
"Thailand","THA",2009,0.1818
"Timor-Leste","TLS",2009,0.1059
"Togo","TGO",2009,0.1937
"Tunisia","TUN",2009,0.2526
"Ukraine","UKR",2009,0.1505
"United Kingdom","GBR",2009,0.1261
"Vanuatu","VUT",2009,0.1872
"Vietnam","VNM",2009,0.1524
"Afghanistan","AFG",2014,0.1447
"Andorra","AND",2014,0.0996
"Argentina","ARG",2014,0.138
"Armenia","ARM",2014,0.0937
"Aruba","ABW",2014,0.1961
"Australia","AUS",2014,0.1388
"Austria","AUT",2014,0.1041
"Azerbaijan","AZE",2014,0.0724
"Bahrain","BHR",2014,0.0868
"Barbados","BRB",2014,0.1745
"Belarus","BLR",2014,0.1241
"Belgium","BEL",2014,0.1201
"Belize","BLZ",2014,0.2216
"Benin","BEN",2014,0.2223
"Bermuda","BMU",2014,0.078
"Bhutan","BTN",2014,0.1782
"Bolivia","BOL",2014,0.1684
"Brazil","BRA",2014,0.1564
"Brunei Darussalam","BRN",2014,0.0998
"Burkina Faso","BFA",2014,0.1937
"Burundi","BDI",2014,0.1969
"Cabo Verde","CPV",2014,0.1628
"Cambodia","KHM",2014,0.0879
"Cameroon","CMR",2014,0.1293
"Chile","CHL",2014,0.1992
"Colombia","COL",2014,0.1577
"Comoros","COM",2014,0.1889
"Congo, Dem. Rep.","COD",2014,0.1055
"Congo, Rep.","COG",2014,0.0656
"Costa Rica","CRI",2014,0.2311
"Cote d'Ivoire","CIV",2014,0.2177
"Cyprus","CYP",2014,0.1593
"Czech Republic","CZE",2014,0.0941
"Denmark","DNK",2014,0.1383
"Ecuador","ECU",2014,0.1207
"El Salvador","SLV",2014,0.1611
"Estonia","EST",2014,0.1426
"Eswatini","SWZ",2014,0.248
"Ethiopia","ETH",2014,0.2592
"Finland","FIN",2014,0.1231
"France","FRA",2014,0.0963
"Gabon","GAB",2014,0.1123
"Gambia, The","GMB",2014,0.1175
"Germany","DEU",2014,0.1119
"Ghana","GHA",2014,0.2099
"Guatemala","GTM",2014,0.2196
"Guinea","GIN",2014,0.1199
"Guyana","GUY",2014,0.1874
"Honduras","HND",2014,0.2565
"Hong Kong SAR, China","HKG",2014,0.1762
"Hungary","HUN",2014,0.0938
"Iceland","ISL",2014,0.1755
"Indonesia","IDN",2014,0.1767
"Iran, Islamic Rep.","IRN",2014,0.1966
"Ireland","IRL",2014,0.1302
"Israel","ISR",2014,0.1486
"Italy","ITA",2014,0.0801
"Jamaica","JAM",2014,0.218
"Japan","JPN",2014,0.0909
"Kenya","KEN",2014,0.1708
"Kyrgyz Republic","KGZ",2014,0.1424
"Lao PDR","LAO",2014,0.1219
"Latvia","LVA",2014,0.1397
"Liberia","LBR",2014,0.0689
"Lithuania","LTU",2014,0.1319
"Luxembourg","LUX",2014,0.0955
"Macao SAR, China","MAC",2014,0.1112
"Madagascar","MDG",2014,0.1897
"Malawi","MWI",2014,0.1633
"Malaysia","MYS",2014,0.198
"Maldives","MDV",2014,0.1035
"Mali","MLI",2014,0.1822
"Malta","MLT",2014,0.1754
"Mauritius","MUS",2014,0.2091
"Mexico","MEX",2014,0.1881
"Moldova","MDA",2014,0.1877
"Monaco","MCO",2014,0.0501
"Mongolia","MNG",2014,0.1207
"Nepal","NPL",2014,0.1828
"Netherlands","NLD",2014,0.1215
"New Zealand","NZL",2014,0.1628
"Nicaragua","NIC",2014,0.1931
"Niger","NER",2014,0.2166
"Norway","NOR",2014,0.1704
"Pakistan","PAK",2014,0.113
"Peru","PER",2014,0.1622
"Poland","POL",2014,0.1158
"Portugal","PRT",2014,0.0991
"Qatar","QAT",2014,0.1274
"Romania","ROU",2014,0.0926
"Russian Federation","RUS",2014,0.1149
"Rwanda","RWA",2014,0.1373
"Sao Tome and Principe","STP",2014,0.1232
"Senegal","SEN",2014,0.2476
"Serbia","SRB",2014,0.0876
"Seychelles","SYC",2014,0.1208
"Sierra Leone","SLE",2014,0.1509
"Slovak Republic","SVK",2014,0.1006
"Slovenia","SVN",2014,0.1127
"South Africa","ZAF",2014,0.1914
"South Sudan","SSD",2014,0.0413
"Spain","ESP",2014,0.0954
"Sri Lanka","LKA",2014,0.1082
"St. Lucia","LCA",2014,0.153
"Sweden","SWE",2014,0.1533
"Switzerland","CHE",2014,0.1546
"Tanzania","TZA",2014,0.173
"Timor-Leste","TLS",2014,0.0677
"Togo","TGO",2014,0.1739
"Uganda","UGA",2014,0.1088
"Ukraine","UKR",2014,0.1312
"United Kingdom","GBR",2014,0.1367
"United States","USA",2014,0.1359
"Uzbekistan","UZB",2014,0.2352
"Vanuatu","VUT",2014,0.172
"Zimbabwe","ZWE",2014,0.3002
"Albania","ALB",2000,0.1014
"Angola","AGO",2000,0.0526
"Argentina","ARG",2000,0.1623
"Aruba","ABW",2000,0.2182
"Australia","AUS",2000,0.1336
"Austria","AUT",2000,0.1103
"Azerbaijan","AZE",2000,0.2112
"Bahamas, The","BHS",2000,0.1892
"Bangladesh","BGD",2000,0.2049
"Barbados","BRB",2000,0.2215
"Belize","BLZ",2000,0.1561
"Benin","BEN",2000,0.1351
"Bhutan","BTN",2000,0.1377
"Bolivia","BOL",2000,0.1867
"Brazil","BRA",2000,0.1145
"Brunei Darussalam","BRN",2000,0.0892
"Burundi","BDI",2000,0.1074
"Cambodia","KHM",2000,0.1108
"Cameroon","CMR",2000,0.1168
"Canada","CAN",2000,0.1298
"Central African Republic","CAF",2000,0.0993
"Chad","TCD",2000,0.1284
"Chile","CHL",2000,0.1643
"Colombia","COL",2000,0.1329
"Costa Rica","CRI",2000,0.1882
"Cote d'Ivoire","CIV",2000,0.2081
"Cyprus","CYP",2000,0.1427
"Czech Republic","CZE",2000,0.0891
"Denmark","DNK",2000,0.1534
"Djibouti","DJI",2000,0.2939
"Dominican Republic","DOM",2000,0.1299
"Ecuador","ECU",2000,0.0496
"El Salvador","SLV",2000,0.133
"Estonia","EST",2000,0.1468
"Eswatini","SWZ",2000,0.1875
"Ethiopia","ETH",2000,0.1491
"Fiji","FJI",2000,0.2176
"Finland","FIN",2000,0.1217
"France","FRA",2000,0.1073
"Gabon","GAB",2000,0.1771
"Gambia, The","GMB",2000,0.1192
"Georgia","GEO",2000,0.1254
"Greece","GRC",2000,0.0696
"Guinea","GIN",2000,0.152
"Guyana","GUY",2000,0.1766
"Hungary","HUN",2000,0.1032
"Iceland","ISL",2000,0.1574
"India","IND",2000,0.1673
"Iran, Islamic Rep.","IRN",2000,0.2063
"Ireland","IRL",2000,0.134
"Israel","ISR",2000,0.1296
"Italy","ITA",2000,0.0922
"Jamaica","JAM",2000,0.168
"Japan","JPN",2000,0.0972
"Kenya","KEN",2000,0.234
"Kiribati","KIR",2000,0.1527
"Kyrgyz Republic","KGZ",2000,0.1161
"Lao PDR","LAO",2000,0.0727
"Latvia","LVA",2000,0.146
"Lesotho","LSO",2000,0.192
"Macao SAR, China","MAC",2000,0.1184
"Madagascar","MDG",2000,0.1589
"Malaysia","MYS",2000,0.2139
"Mali","MLI",2000,0.1532
"Mauritius","MUS",2000,0.1754
"Mexico","MEX",2000,0.1965
"Micronesia, Fed. Sts.","FSM",2000,0.0997
"Moldova","MDA",2000,0.1292
"Monaco","MCO",2000,0.0633
"Mongolia","MNG",2000,0.1607
"Nepal","NPL",2000,0.1916
"Netherlands","NLD",2000,0.1108
"Nicaragua","NIC",2000,0.1457
"Niger","NER",2000,0.1878
"Norway","NOR",2000,0.1577
"Oman","OMN",2000,0.0898
"Pakistan","PAK",2000,0.0849
"Palau","PLW",2000,0.1396
"Panama","PAN",2000,0.1983
"Paraguay","PRY",2000,0.2156
"Peru","PER",2000,0.1525
"Philippines","PHL",2000,0.1521
"Poland","POL",2000,0.1187
"Portugal","PRT",2000,0.1205
"Qatar","QAT",2000,0.0968
"Romania","ROU",2000,0.0819
"Russian Federation","RUS",2000,0.0895
"Rwanda","RWA",2000,0.1884
"Samoa","WSM",2000,0.1046
"Saudi Arabia","SAU",2000,0.1784
"Senegal","SEN",2000,0.1762
"Sierra Leone","SLE",2000,0.2073
"Singapore","SGP",2000,0.1828
"Slovak Republic","SVK",2000,0.0744
"Spain","ESP",2000,0.1066
"St. Kitts and Nevis","KNA",2000,0.1369
"St. Vincent and the Grenadines","VCT",2000,0.3079
"Sudan","SDN",2000,0.0912
"Sweden","SWE",2000,0.1299
"Switzerland","CHE",2000,0.1464
"Tajikistan","TJK",2000,0.1203
"Thailand","THA",2000,0.2839
"Togo","TGO",2000,0.2442
"Tonga","TON",2000,0.2296
"Trinidad and Tobago","TTO",2000,0.1173
"Tunisia","TUN",2000,0.2459
"Turkey","TUR",2000,0.0638
"Uganda","UGA",2000,0.1035
"Ukraine","UKR",2000,0.1136
"United Kingdom","GBR",2000,0.1202
"Uruguay","URY",2000,0.0832
"Vanuatu","VUT",2000,0.2752
"Yemen, Rep.","YEM",2000,0.3049
"Zambia","ZMB",2000,0.0835
"Afghanistan","AFG",2012,0.1036
"Argentina","ARG",2012,0.1452
"Armenia","ARM",2012,0.1237
"Aruba","ABW",2012,0.2063
"Australia","AUS",2012,0.1318
"Austria","AUT",2012,0.107
"Azerbaijan","AZE",2012,0.0564
"Bahrain","BHR",2012,0.0829
"Bangladesh","BGD",2012,0.1559
"Barbados","BRB",2012,0.1612
"Belarus","BLR",2012,0.1275
"Benin","BEN",2012,0.2502
"Bolivia","BOL",2012,0.1783
"Brazil","BRA",2012,0.1573
"Brunei Darussalam","BRN",2012,0.0973
"Bulgaria","BGR",2012,0.1069
"Burkina Faso","BFA",2012,0.159
"Burundi","BDI",2012,0.1643
"Cambodia","KHM",2012,0.072
"Cameroon","CMR",2012,0.1518
"Chad","TCD",2012,0.0921
"Colombia","COL",2012,0.1551
"Comoros","COM",2012,0.1849
"Costa Rica","CRI",2012,0.235
"Cote d'Ivoire","CIV",2012,0.2086
"Czech Republic","CZE",2012,0.0956
"Denmark","DNK",2012,0.1249
"Ecuador","ECU",2012,0.1153
"El Salvador","SLV",2012,0.1528
"Estonia","EST",2012,0.1199
"Ethiopia","ETH",2012,0.3054
"Finland","FIN",2012,0.128
"France","FRA",2012,0.0955
"Gabon","GAB",2012,0.1258
"Gambia, The","GMB",2012,0.138
"Georgia","GEO",2012,0.0671
"Germany","DEU",2012,0.1114
"Ghana","GHA",2012,0.3752
"Guatemala","GTM",2012,0.2111
"Guinea","GIN",2012,0.0946
"Guinea-Bissau","GNB",2012,0.1454
"Guyana","GUY",2012,0.1019
"Hong Kong SAR, China","HKG",2012,0.1865
"Hungary","HUN",2012,0.0861
"Iceland","ISL",2012,0.1733
"India","IND",2012,0.1399
"Indonesia","IDN",2012,0.1809
"Iran, Islamic Rep.","IRN",2012,0.174
"Ireland","IRL",2012,0.1372
"Israel","ISR",2012,0.1411
"Italy","ITA",2012,0.0804
"Jamaica","JAM",2012,0.1881
"Japan","JPN",2012,0.0937
"Kenya","KEN",2012,0.1992
"Kyrgyz Republic","KGZ",2012,0.182
"Lao PDR","LAO",2012,0.0858
"Latvia","LVA",2012,0.1774
"Lebanon","LBN",2012,0.0711
"Liberia","LBR",2012,0.0518
"Lithuania","LTU",2012,0.1354
"Luxembourg","LUX",2012,0.0928
"Macao SAR, China","MAC",2012,0.2233
"Madagascar","MDG",2012,0.2033
"Malaysia","MYS",2012,0.1985
"Maldives","MDV",2012,0.1283
"Mali","MLI",2012,0.224
"Malta","MLT",2012,0.1526
"Mauritania","MRT",2012,0.1002
"Mauritius","MUS",2012,0.1496
"Mexico","MEX",2012,0.1809
"Moldova","MDA",2012,0.2074
"Monaco","MCO",2012,0.0888
"Mongolia","MNG",2012,0.1335
"Mozambique","MOZ",2012,0.197
"Nepal","NPL",2012,0.1744
"Netherlands","NLD",2012,0.1178
"New Zealand","NZL",2012,0.1777
"Niger","NER",2012,0.1919
"Norway","NOR",2012,0.1743
"Pakistan","PAK",2012,0.1104
"Paraguay","PRY",2012,0.1963
"Peru","PER",2012,0.1437
"Poland","POL",2012,0.1123
"Portugal","PRT",2012,0.1019
"Qatar","QAT",2012,0.1231
"Romania","ROU",2012,0.0844
"Russian Federation","RUS",2012,0.1115
"Rwanda","RWA",2012,0.1582
"Sao Tome and Principe","STP",2012,0.1372
"Senegal","SEN",2012,0.208
"Serbia","SRB",2012,0.0923
"Seychelles","SYC",2012,0.0677
"Sierra Leone","SLE",2012,0.1413
"Singapore","SGP",2012,0.2116
"Slovak Republic","SVK",2012,0.0962
"Slovenia","SVN",2012,0.1263
"South Africa","ZAF",2012,0.2064
"Spain","ESP",2012,0.0921
"Sri Lanka","LKA",2012,0.0839
"St. Lucia","LCA",2012,0.1219
"Sweden","SWE",2012,0.1523
"Switzerland","CHE",2012,0.1564
"Tajikistan","TJK",2012,0.1637
"Thailand","THA",2012,0.214
"Timor-Leste","TLS",2012,0.0554
"Togo","TGO",2012,0.1768
"Tunisia","TUN",2012,0.2099
"Turkmenistan","TKM",2012,0.208
"Uganda","UGA",2012,0.1145
"Ukraine","UKR",2012,0.1367
"Vietnam","VNM",2012,0.1878
"Zimbabwe","ZWE",2012,0.2975
"Albania","ALB",2001,0.1058
"Argentina","ARG",2001,0.1636
"Aruba","ABW",2001,0.2132
"Austria","AUT",2001,0.1086
"Azerbaijan","AZE",2001,0.2088
"Bangladesh","BGD",2001,0.1858
"Barbados","BRB",2001,0.2689
"Belize","BLZ",2001,0.1831
"Benin","BEN",2001,0.1531
"Bhutan","BTN",2001,0.1309
"Bolivia","BOL",2001,0.1846
"Brazil","BRA",2001,0.1061
"Bulgaria","BGR",2001,0.0928
"Burundi","BDI",2001,0.1143
"Cambodia","KHM",2001,0.1138
"Cameroon","CMR",2001,0.1573
"Canada","CAN",2001,0.1221
"Chad","TCD",2001,0.1379
"Colombia","COL",2001,0.1347
"Costa Rica","CRI",2001,0.1915
"Cote d'Ivoire","CIV",2001,0.232
"Cyprus","CYP",2001,0.1432
"Czech Republic","CZE",2001,0.0868
"Denmark","DNK",2001,0.1555
"Djibouti","DJI",2001,0.2628
"Dominican Republic","DOM",2001,0.1251
"Eritrea","ERI",2001,0.0586
"Estonia","EST",2001,0.1495
"Eswatini","SWZ",2001,0.1966
"Ethiopia","ETH",2001,0.1446
"Fiji","FJI",2001,0.1964
"Finland","FIN",2001,0.1263
"France","FRA",2001,0.1052
"Gambia, The","GMB",2001,0.0821
"Georgia","GEO",2001,0.1236
"Ghana","GHA",2001,0.1574
"Greece","GRC",2001,0.0732
"Guinea","GIN",2001,0.1032
"Guyana","GUY",2001,0.1656
"Hong Kong SAR, China","HKG",2001,0.2242
"Hungary","HUN",2001,0.1046
"Iceland","ISL",2001,0.1621
"Indonesia","IDN",2001,0.1159
"Iran, Islamic Rep.","IRN",2001,0.2442
"Ireland","IRL",2001,0.1259
"Israel","ISR",2001,0.1292
"Italy","ITA",2001,0.0983
"Jamaica","JAM",2001,0.1999
"Japan","JPN",2001,0.0946
"Kenya","KEN",2001,0.224
"Kiribati","KIR",2001,0.1152
"Kuwait","KWT",2001,0.1801
"Kyrgyz Republic","KGZ",2001,0.1372
"Lao PDR","LAO",2001,0.0912
"Latvia","LVA",2001,0.1588
"Lebanon","LBN",2001,0.0742
"Lesotho","LSO",2001,0.2385
"Lithuania","LTU",2001,0.1667
"Luxembourg","LUX",2001,0.093
"Macao SAR, China","MAC",2001,0.1109
"Madagascar","MDG",2001,0.1768
"Malaysia","MYS",2001,0.2435
"Mali","MLI",2001,0.1449
"Mauritius","MUS",2001,0.1324
"Mexico","MEX",2001,0.2062
"Moldova","MDA",2001,0.1642
"Nepal","NPL",2001,0.2166
"Netherlands","NLD",2001,0.1116
"New Zealand","NZL",2001,0.1671
"Niger","NER",2001,0.166
"Norway","NOR",2001,0.1592
"Oman","OMN",2001,0.1058
"Palau","PLW",2001,0.1531
"Panama","PAN",2001,0.1664
"Paraguay","PRY",2001,0.1988
"Peru","PER",2001,0.148
"Philippines","PHL",2001,0.1392
"Poland","POL",2001,0.1183
"Portugal","PRT",2001,0.121
"Qatar","QAT",2001,0.1055
"Romania","ROU",2001,0.0985
"Russian Federation","RUS",2001,0.0921
"Rwanda","RWA",2001,0.2531
"Samoa","WSM",2001,0.1277
"Saudi Arabia","SAU",2001,0.209
"Senegal","SEN",2001,0.1573
"Sierra Leone","SLE",2001,0.1797
"Singapore","SGP",2001,0.1947
"Slovak Republic","SVK",2001,0.0888
"Slovenia","SVN",2001,0.1382
"South Africa","ZAF",2001,0.2047
"Spain","ESP",2001,0.1071
"St. Kitts and Nevis","KNA",2001,0.1421
"St. Lucia","LCA",2001,0.2585
"Sweden","SWE",2001,0.1288
"Switzerland","CHE",2001,0.1543
"Syrian Arab Republic","SYR",2001,0.1566
"Tajikistan","TJK",2001,0.1319
"Thailand","THA",2001,0.2424
"Togo","TGO",2001,0.2573
"Tonga","TON",2001,0.1978
"Trinidad and Tobago","TTO",2001,0.1217
"Tunisia","TUN",2001,0.2465
"Turkey","TUR",2001,0.0598
"Ukraine","UKR",2001,0.1281
"United Kingdom","GBR",2001,0.1226
"Uruguay","URY",2001,0.092
"Vanuatu","VUT",2001,0.4008
"Yemen, Rep.","YEM",2001,0.3032
"Albania","ALB",2005,0.1136
"Angola","AGO",2005,0.0799
"Argentina","ARG",2005,0.158
"Armenia","ARM",2005,0.1365
"Aruba","ABW",2005,0.189
"Australia","AUS",2005,0.1359
"Austria","AUT",2005,0.1026
"Azerbaijan","AZE",2005,0.1322
"Barbados","BRB",2005,0.1751
"Belarus","BLR",2005,0.1262
"Belgium","BEL",2005,0.1117
"Benin","BEN",2005,0.1879
"Bermuda","BMU",2005,0.1211
"Bhutan","BTN",2005,0.2285
"Botswana","BWA",2005,0.2582
"Brazil","BRA",2005,0.1126
"Bulgaria","BGR",2005,0.1207
"Burkina Faso","BFA",2005,0.1949
"Burundi","BDI",2005,0.1096
"Cameroon","CMR",2005,0.2138
"Canada","CAN",2005,0.1218
"Central African Republic","CAF",2005,0.0968
"Chad","TCD",2005,0.1467
"Chile","CHL",2005,0.162
"Colombia","COL",2005,0.1554
"Congo, Rep.","COG",2005,0.076
"Cote d'Ivoire","CIV",2005,0.2185
"Cyprus","CYP",2005,0.1584
"Czech Republic","CZE",2005,0.092
"Denmark","DNK",2005,0.1578
"Djibouti","DJI",2005,0.2272
"Egypt, Arab Rep.","EGY",2005,0.1504
"El Salvador","SLV",2005,0.1466
"Estonia","EST",2005,0.1426
"Eswatini","SWZ",2005,0.2089
"Fiji","FJI",2005,0.2027
"Finland","FIN",2005,0.1225
"France","FRA",2005,0.1036
"Gambia, The","GMB",2005,0.0534
"Georgia","GEO",2005,0.1118
"Ghana","GHA",2005,0.2343
"Greece","GRC",2005,0.087
"Guinea","GIN",2005,0.1095
"Guyana","GUY",2005,0.1382
"Hong Kong SAR, China","HKG",2005,0.2248
"Hungary","HUN",2005,0.108
"Iceland","ISL",2005,0.1781
"India","IND",2005,0.1121
"Indonesia","IDN",2005,0.1515
"Iran, Islamic Rep.","IRN",2005,0.2232
"Ireland","IRL",2005,0.1356
"Israel","ISR",2005,0.132
"Italy","ITA",2005,0.0901
"Jamaica","JAM",2005,0.1427
"Japan","JPN",2005,0.0969
"Kazakhstan","KAZ",2005,0.1023
"Kenya","KEN",2005,0.2747
"Kuwait","KWT",2005,0.1385
"Kyrgyz Republic","KGZ",2005,0.1677
"Lao PDR","LAO",2005,0.1373
"Lebanon","LBN",2005,0.0842
"Lesotho","LSO",2005,0.324
"Lithuania","LTU",2005,0.1458
"Macao SAR, China","MAC",2005,0.0811
"Madagascar","MDG",2005,0.1803
"Maldives","MDV",2005,0.1301
"Mali","MLI",2005,0.1628
"Mauritius","MUS",2005,0.1709
"Mexico","MEX",2005,0.219
"Moldova","MDA",2005,0.193
"Mozambique","MOZ",2005,0.2272
"Nepal","NPL",2005,0.2229
"Netherlands","NLD",2005,0.1234
"New Zealand","NZL",2005,0.1626
"Norway","NOR",2005,0.1655
"Oman","OMN",2005,0.1005
"Pakistan","PAK",2005,0.1378
"Peru","PER",2005,0.1428
"Philippines","PHL",2005,0.1242
"Poland","POL",2005,0.1222
"Portugal","PRT",2005,0.1086
"Qatar","QAT",2005,0.1374
"Romania","ROU",2005,0.1084
"Russian Federation","RUS",2005,0.1195
"Sao Tome and Principe","STP",2005,0.1213
"Saudi Arabia","SAU",2005,0.1929
"Senegal","SEN",2005,0.2177
"Sierra Leone","SLE",2005,0.1551
"Singapore","SGP",2005,0.1982
"Slovak Republic","SVK",2005,0.0947
"Slovenia","SVN",2005,0.1329
"South Africa","ZAF",2005,0.1992
"Spain","ESP",2005,0.1078
"St. Kitts and Nevis","KNA",2005,0.1106
"St. Lucia","LCA",2005,0.1631
"St. Vincent and the Grenadines","VCT",2005,0.2259
"Sudan","SDN",2005,0.0597
"Sweden","SWE",2005,0.1276
"Switzerland","CHE",2005,0.1582
"Tajikistan","TJK",2005,0.1529
"Tanzania","TZA",2005,0.1814
"Thailand","THA",2005,0.2055
"Togo","TGO",2005,0.1768
"Tunisia","TUN",2005,0.267
"Ukraine","UKR",2005,0.1374
"United Kingdom","GBR",2005,0.1317
"Uruguay","URY",2005,0.0944
"Zambia","ZMB",2005,0.0773
"Albania","ALB",2003,0.1057
"Argentina","ARG",2003,0.1435
"Austria","AUT",2003,0.1074
"Azerbaijan","AZE",2003,0.1517
"Bangladesh","BGD",2003,0.1668
"Barbados","BRB",2003,0.1795
"Belize","BLZ",2003,0.1613
"Benin","BEN",2003,0.1668
"Bermuda","BMU",2003,0.1104
"Bolivia","BOL",2003,0.1994
"Bulgaria","BGR",2003,0.1118
"Cameroon","CMR",2003,0.2144
"Central African Republic","CAF",2003,0.1203
"Chile","CHL",2003,0.1764
"Colombia","COL",2003,0.1554
"Congo, Rep.","COG",2003,0.0952
"Costa Rica","CRI",2003,0.2015
"Cote d'Ivoire","CIV",2003,0.2265
"Croatia","HRV",2003,0.0821
"Cyprus","CYP",2003,0.1652
"Czech Republic","CZE",2003,0.0838
"Denmark","DNK",2003,0.1514
"Djibouti","DJI",2003,0.2427
"Dominican Republic","DOM",2003,0.097
"Egypt, Arab Rep.","EGY",2003,0.1535
"El Salvador","SLV",2003,0.1407
"Estonia","EST",2003,0.1505
"Eswatini","SWZ",2003,0.2206
"Finland","FIN",2003,0.1278
"France","FRA",2003,0.1079
"Gambia, The","GMB",2003,0.0847
"Georgia","GEO",2003,0.1249
"Greece","GRC",2003,0.0736
"Grenada","GRD",2003,0.1081
"Guinea","GIN",2003,0.1162
"Guyana","GUY",2003,0.1381
"Hong Kong SAR, China","HKG",2003,0.2324
"Hungary","HUN",2003,0.1183
"Iceland","ISL",2003,0.1638
"India","IND",2003,0.1241
"Indonesia","IDN",2003,0.1628
"Iran, Islamic Rep.","IRN",2003,0.2165
"Ireland","IRL",2003,0.1275
"Israel","ISR",2003,0.1356
"Italy","ITA",2003,0.0964
"Jamaica","JAM",2003,0.1336
"Japan","JPN",2003,0.0967
"Kenya","KEN",2003,0.2498
"Kyrgyz Republic","KGZ",2003,0.1594
"Latvia","LVA",2003,0.1538
"Lesotho","LSO",2003,0.3211
"Lithuania","LTU",2003,0.1593
"Macao SAR, China","MAC",2003,0.1039
"Madagascar","MDG",2003,0.1576
"Malawi","MWI",2003,0.1655
"Malaysia","MYS",2003,0.2454
"Maldives","MDV",2003,0.2035
"Mali","MLI",2003,0.1828
"Marshall Islands","MHL",2003,0.2251
"Mauritius","MUS",2003,0.1792
"Mexico","MEX",2003,0.2247
"Moldova","MDA",2003,0.1619
"Nepal","NPL",2003,0.2131
"Netherlands","NLD",2003,0.1153
"New Zealand","NZL",2003,0.1676
"Nicaragua","NIC",2003,0.1489
"Niger","NER",2003,0.1385
"Norway","NOR",2003,0.1568
"Oman","OMN",2003,0.1004
"Panama","PAN",2003,0.1634
"Paraguay","PRY",2003,0.2089
"Peru","PER",2003,0.1466
"Philippines","PHL",2003,0.1438
"Poland","POL",2003,0.1164
"Portugal","PRT",2003,0.1166
"Qatar","QAT",2003,0.107
"Romania","ROU",2003,0.1114
"Russian Federation","RUS",2003,0.1053
"Sao Tome and Principe","STP",2003,0.0669
"Saudi Arabia","SAU",2003,0.2146
"Senegal","SEN",2003,0.1612
"Seychelles","SYC",2003,0.1204
"Sierra Leone","SLE",2003,0.1732
"Singapore","SGP",2003,0.2181
"Slovak Republic","SVK",2003,0.1057
"Slovenia","SVN",2003,0.137
"South Africa","ZAF",2003,0.1959
"Spain","ESP",2003,0.1089
"St. Kitts and Nevis","KNA",2003,0.1229
"St. Lucia","LCA",2003,0.1542
"St. Vincent and the Grenadines","VCT",2003,0.3148
"Sweden","SWE",2003,0.1292
"Switzerland","CHE",2003,0.1633
"Syrian Arab Republic","SYR",2003,0.1986
"Tajikistan","TJK",2003,0.1269
"Thailand","THA",2003,0.2087
"Togo","TGO",2003,0.2776
"Tonga","TON",2003,0.1841
"Trinidad and Tobago","TTO",2003,0.1391
"Tunisia","TUN",2003,0.2768
"Turkey","TUR",2003,0.0742
"Ukraine","UKR",2003,0.1442
"United Kingdom","GBR",2003,0.136
"Uruguay","URY",2003,0.068
"Vanuatu","VUT",2003,0.448
"Albania","ALB",2006,0.1093
"Angola","AGO",2006,0.0745
"Argentina","ARG",2006,0.1551
"Armenia","ARM",2006,0.1358
"Australia","AUS",2006,0.1318
"Austria","AUT",2006,0.1037
"Azerbaijan","AZE",2006,0.101
"Bahrain","BHR",2006,0.1192
"Bangladesh","BGD",2006,0.1734
"Belarus","BLR",2006,0.1245
"Benin","BEN",2006,0.1971
"Bolivia","BOL",2006,0.2116
"Brazil","BRA",2006,0.1242
"Bulgaria","BGR",2006,0.1201
"Burkina Faso","BFA",2006,0.182
"Cabo Verde","CPV",2006,0.1754
"Cameroon","CMR",2006,0.2031
"Central African Republic","CAF",2006,0.1005
"Chile","CHL",2006,0.1623
"Colombia","COL",2006,0.1377
"Costa Rica","CRI",2006,0.2064
"Cote d'Ivoire","CIV",2006,0.2002
"Cyprus","CYP",2006,0.1618
"Czech Republic","CZE",2006,0.102
"Denmark","DNK",2006,0.1551
"Djibouti","DJI",2006,0.2471
"Egypt, Arab Rep.","EGY",2006,0.1102
"El Salvador","SLV",2006,0.1575
"Eritrea","ERI",2006,0.0517
"Eswatini","SWZ",2006,0.2271
"Ethiopia","ETH",2006,0.2398
"Fiji","FJI",2006,0.2084
"Finland","FIN",2006,0.1228
"France","FRA",2006,0.1032
"Gambia, The","GMB",2006,0.0536
"Georgia","GEO",2006,0.129
"Germany","DEU",2006,0.0957
"Ghana","GHA",2006,0.2416
"Guatemala","GTM",2006,0.2034
"Guyana","GUY",2006,0.1348
"Hong Kong SAR, China","HKG",2006,0.2328
"Hungary","HUN",2006,0.1033
"Iceland","ISL",2006,0.1793
"India","IND",2006,0.1169
"Iran, Islamic Rep.","IRN",2006,0.2022
"Ireland","IRL",2006,0.1343
"Israel","ISR",2006,0.1343
"Italy","ITA",2006,0.0953
"Japan","JPN",2006,0.0962
"Kazakhstan","KAZ",2006,0.1327
"Kenya","KEN",2006,0.2508
"Kuwait","KWT",2006,0.1337
"Kyrgyz Republic","KGZ",2006,0.1905
"Lao PDR","LAO",2006,0.1748
"Latvia","LVA",2006,0.1391
"Lebanon","LBN",2006,0.0769
"Lesotho","LSO",2006,0.2823
"Lithuania","LTU",2006,0.1429
"Macao SAR, China","MAC",2006,0.1118
"Madagascar","MDG",2006,0.1532
"Malaysia","MYS",2006,0.1675
"Maldives","MDV",2006,0.1335
"Mauritania","MRT",2006,0.1031
"Mauritius","MUS",2006,0.1518
"Mexico","MEX",2006,0.2082
"Moldova","MDA",2006,0.1861
"Mozambique","MOZ",2006,0.1855
"Nepal","NPL",2006,0.255
"Netherlands","NLD",2006,0.1197
"New Zealand","NZL",2006,0.1516
"Niger","NER",2006,0.1688
"Norway","NOR",2006,0.1586
"Oman","OMN",2006,0.1122
"Pakistan","PAK",2006,0.1529
"Peru","PER",2006,0.1404
"Philippines","PHL",2006,0.1327
"Poland","POL",2006,0.1267
"Portugal","PRT",2006,0.1087
"Romania","ROU",2006,0.1272
"Russian Federation","RUS",2006,0.1243
"Sao Tome and Principe","STP",2006,0.1409
"Saudi Arabia","SAU",2006,0.216
"Senegal","SEN",2006,0.1795
"Seychelles","SYC",2006,0.1095
"Singapore","SGP",2006,0.1975
"Slovak Republic","SVK",2006,0.0958
"Slovenia","SVN",2006,0.1332
"South Africa","ZAF",2006,0.18
"Spain","ESP",2006,0.1089
"St. Kitts and Nevis","KNA",2006,0.1248
"St. Lucia","LCA",2006,0.1901
"Sudan","SDN",2006,0.0825
"Sweden","SWE",2006,0.1281
"Switzerland","CHE",2006,0.1597
"Syrian Arab Republic","SYR",2006,0.2005
"Tajikistan","TJK",2006,0.1564
"Tanzania","TZA",2006,0.1501
"Thailand","THA",2006,0.22
"Togo","TGO",2006,0.1729
"Tunisia","TUN",2006,0.2686
"Turkey","TUR",2006,0.0797
"Ukraine","UKR",2006,0.1392
"United Kingdom","GBR",2006,0.1314
"Uruguay","URY",2006,0.0988
"Afghanistan","AFG",2015,0.1251
"Albania","ALB",2015,0.1132
"Andorra","AND",2015,0.1018
"Argentina","ARG",2015,0.1396
"Armenia","ARM",2015,0.1066
"Aruba","ABW",2015,0.2285
"Australia","AUS",2015,0.1408
"Austria","AUT",2015,0.1069
"Azerbaijan","AZE",2015,0.0763
"Bahrain","BHR",2015,0.073
"Belarus","BLR",2015,0.1146
"Belgium","BEL",2015,0.1217
"Belize","BLZ",2015,0.2161
"Benin","BEN",2015,0.1748
"Bermuda","BMU",2015,0.0902
"Bhutan","BTN",2015,0.2635
"Brazil","BRA",2015,0.1615
"Burkina Faso","BFA",2015,0.1803
"Burundi","BDI",2015,0.2422
"Cabo Verde","CPV",2015,0.1675
"Cameroon","CMR",2015,0.1324
"Chile","CHL",2015,0.1959
"Colombia","COL",2015,0.1505
"Comoros","COM",2015,0.1531
"Congo, Dem. Rep.","COD",2015,0.1174
"Congo, Rep.","COG",2015,0.0795
"Costa Rica","CRI",2015,0.2337
"Cote d'Ivoire","CIV",2015,0.2117
"Cyprus","CYP",2015,0.1621
"Czech Republic","CZE",2015,0.1388
"Dominica","DMA",2015,0.1052
"Ecuador","ECU",2015,0.126
"El Salvador","SLV",2015,0.166
"Estonia","EST",2015,0.1297
"Ethiopia","ETH",2015,0.271
"Finland","FIN",2015,0.1241
"France","FRA",2015,0.0962
"Germany","DEU",2015,0.1099
"Ghana","GHA",2015,0.2381
"Guatemala","GTM",2015,0.2409
"Guinea","GIN",2015,0.116
"Guyana","GUY",2015,0.178
"Haiti","HTI",2015,0.1445
"Honduras","HND",2015,0.2464
"Hong Kong SAR, China","HKG",2015,0.1861
"Hungary","HUN",2015,0.0914
"Iceland","ISL",2015,0.1816
"Indonesia","IDN",2015,0.205
"Iran, Islamic Rep.","IRN",2015,0.1857
"Ireland","IRL",2015,0.1301
"Israel","ISR",2015,0.1554
"Italy","ITA",2015,0.0812
"Jamaica","JAM",2015,0.2005
"Kazakhstan","KAZ",2015,0.1219
"Kenya","KEN",2015,0.1666
"Kyrgyz Republic","KGZ",2015,0.1561
"Latvia","LVA",2015,0.1413
"Lithuania","LTU",2015,0.1229
"Luxembourg","LUX",2015,0.0943
"Macao SAR, China","MAC",2015,0.1307
"Malawi","MWI",2015,0.2155
"Malaysia","MYS",2015,0.1981
"Maldives","MDV",2015,0.1289
"Mali","MLI",2015,0.1816
"Malta","MLT",2015,0.1315
"Mauritius","MUS",2015,0.1946
"Mexico","MEX",2015,0.1902
"Micronesia, Fed. Sts.","FSM",2015,0.2231
"Mongolia","MNG",2015,0.1243
"Nepal","NPL",2015,0.1699
"Netherlands","NLD",2015,0.1221
"New Zealand","NZL",2015,0.1638
"Nicaragua","NIC",2015,0.1865
"Niger","NER",2015,0.1851
"Norway","NOR",2015,0.1573
"Pakistan","PAK",2015,0.1319
"Peru","PER",2015,0.1757
"Poland","POL",2015,0.1155
"Portugal","PRT",2015,0.1015
"Romania","ROU",2015,0.0909
"Russian Federation","RUS",2015,0.1087
"Rwanda","RWA",2015,0.1254
"Sao Tome and Principe","STP",2015,0.113
"Senegal","SEN",2015,0.2376
"Serbia","SRB",2015,0.0888
"Slovak Republic","SVK",2015,0.1028
"Slovenia","SVN",2015,0.1122
"South Africa","ZAF",2015,0.187
"South Sudan","SSD",2015,0.0328
"Spain","ESP",2015,0.0977
"Sri Lanka","LKA",2015,0.1095
"St. Kitts and Nevis","KNA",2015,0.0864
"St. Lucia","LCA",2015,0.1645
"Sweden","SWE",2015,0.155
"Switzerland","CHE",2015,0.1553
"Tajikistan","TJK",2015,0.1639
"Timor-Leste","TLS",2015,0.0864
"Togo","TGO",2015,0.1666
"Tunisia","TUN",2015,0.2262
"Turks and Caicos Islands","TCA",2015,0.1419
"Uganda","UGA",2015,0.1214
"United Kingdom","GBR",2015,0.1384
"Uzbekistan","UZB",2015,0.2365
"Vanuatu","VUT",2015,0.13
"Albania","ALB",2007,0.1118
"Argentina","ARG",2007,0.151
"Armenia","ARM",2007,0.1347
"Aruba","ABW",2007,0.2079
"Australia","AUS",2007,0.1303
"Austria","AUT",2007,0.1045
"Azerbaijan","AZE",2007,0.0978
"Bahrain","BHR",2007,0.1103
"Bangladesh","BGD",2007,0.1815
"Barbados","BRB",2007,0.1662
"Belarus","BLR",2007,0.1013
"Benin","BEN",2007,0.1495
"Botswana","BWA",2007,0.2651
"Brazil","BRA",2007,0.1322
"Bulgaria","BGR",2007,0.1111
"Burkina Faso","BFA",2007,0.1786
"Cabo Verde","CPV",2007,0.1833
"Cambodia","KHM",2007,0.111
"Cameroon","CMR",2007,0.2157
"Canada","CAN",2007,0.1233
"Central African Republic","CAF",2007,0.0987
"Chile","CHL",2007,0.1675
"Colombia","COL",2007,0.1448
"Costa Rica","CRI",2007,0.2102
"Cote d'Ivoire","CIV",2007,0.2076
"Croatia","HRV",2007,0.0883
"Cyprus","CYP",2007,0.1672
"Czech Republic","CZE",2007,0.0958
"Denmark","DNK",2007,0.1536
"Djibouti","DJI",2007,0.2253
"Dominican Republic","DOM",2007,0.1258
"Egypt, Arab Rep.","EGY",2007,0.1121
"El Salvador","SLV",2007,0.1644
"Estonia","EST",2007,0.1368
"Ethiopia","ETH",2007,0.247
"Fiji","FJI",2007,0.2317
"Finland","FIN",2007,0.1215
"France","FRA",2007,0.1038
"Gambia, The","GMB",2007,0.073
"Georgia","GEO",2007,0.0949
"Germany","DEU",2007,0.1014
"Ghana","GHA",2007,0.2232
"Guatemala","GTM",2007,0.2128
"Guyana","GUY",2007,0.1153
"Hong Kong SAR, China","HKG",2007,0.2264
"Hungary","HUN",2007,0.1034
"Iceland","ISL",2007,0.1722
"Indonesia","IDN",2007,0.1494
"Iran, Islamic Rep.","IRN",2007,0.1987
"Ireland","IRL",2007,0.1312
"Israel","ISR",2007,0.1331
"Italy","ITA",2007,0.088
"Jamaica","JAM",2007,0.1717
"Japan","JPN",2007,0.0977
"Kazakhstan","KAZ",2007,0.1194
"Kyrgyz Republic","KGZ",2007,0.2185
"Lao PDR","LAO",2007,0.1736
"Latvia","LVA",2007,0.1407
"Lebanon","LBN",2007,0.0734
"Lithuania","LTU",2007,0.1333
"Macao SAR, China","MAC",2007,0.0995
"Madagascar","MDG",2007,0.1804
"Malaysia","MYS",2007,0.1612
"Maldives","MDV",2007,0.1275
"Malta","MLT",2007,0.1454
"Mauritius","MUS",2007,0.1418
"Mexico","MEX",2007,0.1989
"Moldova","MDA",2007,0.1942
"Mongolia","MNG",2007,0.1329
"Nepal","NPL",2007,0.2115
"Netherlands","NLD",2007,0.1176
"New Zealand","NZL",2007,0.1498
"Niger","NER",2007,0.1738
"Norway","NOR",2007,0.1599
"Pakistan","PAK",2007,0.1545
"Paraguay","PRY",2007,0.1942
"Peru","PER",2007,0.1414
"Philippines","PHL",2007,0.1367
"Poland","POL",2007,0.1127
"Portugal","PRT",2007,0.1105
"Romania","ROU",2007,0.12
"Rwanda","RWA",2007,0.1779
"Sao Tome and Principe","STP",2007,0.1666
"Serbia","SRB",2007,0.0998
"Sierra Leone","SLE",2007,0.1975
"Singapore","SGP",2007,0.2002
"Slovak Republic","SVK",2007,0.0971
"Slovenia","SVN",2007,0.129
"Solomon Islands","SLB",2007,0.2217
"South Africa","ZAF",2007,0.1803
"Spain","ESP",2007,0.1085
"St. Kitts and Nevis","KNA",2007,0.1305
"St. Vincent and the Grenadines","VCT",2007,0.2004
"Sweden","SWE",2007,0.1285
"Switzerland","CHE",2007,0.1568
"Syrian Arab Republic","SYR",2007,0.1893
"Tajikistan","TJK",2007,0.1221
"Tanzania","TZA",2007,0.1943
"Thailand","THA",2007,0.1848
"Togo","TGO",2007,0.1815
"Tunisia","TUN",2007,0.2643
"Ukraine","UKR",2007,0.1404
"United Kingdom","GBR",2007,0.1303
"Zambia","ZMB",2007,0.0623
"Albania","ALB",1999,0.0968
"Antigua and Barbuda","ATG",1999,0.1244
"Argentina","ARG",1999,0.1588
"Aruba","ABW",1999,0.1928
"Austria","AUT",1999,0.1215
"Azerbaijan","AZE",1999,0.216
"Bangladesh","BGD",1999,0.1813
"Barbados","BRB",1999,0.2117
"Belize","BLZ",1999,0.1918
"Benin","BEN",1999,0.1789
"Bolivia","BOL",1999,0.1927
"Brazil","BRA",1999,0.096
"Brunei Darussalam","BRN",1999,0.0889
"Burundi","BDI",1999,0.1352
"Cabo Verde","CPV",1999,0.1676
"Canada","CAN",1999,0.1274
"Central African Republic","CAF",1999,0.0895
"Chad","TCD",1999,0.1706
"Chile","CHL",1999,0.1565
"China","CHN",1999,0.1263
"Colombia","COL",1999,0.1315
"Costa Rica","CRI",1999,0.2192
"Cote d'Ivoire","CIV",1999,0.2167
"Cyprus","CYP",1999,0.139
"Czech Republic","CZE",1999,0.0891
"Denmark","DNK",1999,0.1454
"Djibouti","DJI",1999,0.229
"Dominica","DMA",1999,0.1142
"Ecuador","ECU",1999,0.0667
"El Salvador","SLV",1999,0.1361
"Eritrea","ERI",1999,0.0557
"Estonia","EST",1999,0.1636
"Eswatini","SWZ",1999,0.2043
"Fiji","FJI",1999,0.2054
"Finland","FIN",1999,0.1176
"France","FRA",1999,0.1078
"Gabon","GAB",1999,0.1135
"Georgia","GEO",1999,0.106
"Ghana","GHA",1999,0.1489
"Greece","GRC",1999,0.0656
"Guinea","GIN",1999,0.1466
"Guinea-Bissau","GNB",1999,0.1674
"Guyana","GUY",1999,0.2269
"Hungary","HUN",1999,0.0939
"Iceland","ISL",1999,0.1557
"India","IND",1999,0.1696
"Iran, Islamic Rep.","IRN",1999,0.2011
"Ireland","IRL",1999,0.122
"Italy","ITA",1999,0.0955
"Japan","JPN",1999,0.0874
"Jordan","JOR",1999,0.1466
"Kenya","KEN",1999,0.2455
"Kiribati","KIR",1999,0.1251
"Kyrgyz Republic","KGZ",1999,0.1139
"Latvia","LVA",1999,0.141
"Lesotho","LSO",1999,0.2355
"Libya","LBY",1999,0.0814
"Madagascar","MDG",1999,0.1554
"Malaysia","MYS",1999,0.2119
"Marshall Islands","MHL",1999,0.2854
"Mauritius","MUS",1999,0.1924
"Mexico","MEX",1999,0.1669
"Micronesia, Fed. Sts.","FSM",1999,0.0878
"Moldova","MDA",1999,0.1412
"Monaco","MCO",1999,0.0507
"Mongolia","MNG",1999,0.1525
"Morocco","MAR",1999,0.2577
"Mozambique","MOZ",1999,0.1692
"Netherlands","NLD",1999,0.1057
"New Zealand","NZL",1999,0.1623
"Nicaragua","NIC",1999,0.1472
"Niger","NER",1999,0.1712
"Norway","NOR",1999,0.1513
"Oman","OMN",1999,0.1033
"Pakistan","PAK",1999,0.1131
"Panama","PAN",1999,0.1897
"Paraguay","PRY",1999,0.2188
"Poland","POL",1999,0.1089
"Portugal","PRT",1999,0.1187
"Qatar","QAT",1999,0.0953
"Rwanda","RWA",1999,0.1725
"Samoa","WSM",1999,0.1342
"Saudi Arabia","SAU",1999,0.2333
"Senegal","SEN",1999,0.1682
"Seychelles","SYC",1999,0.0937
"Slovak Republic","SVK",1999,0.0859
"Spain","ESP",1999,0.1069
"St. Kitts and Nevis","KNA",1999,0.1032
"St. Lucia","LCA",1999,0.2604
"St. Vincent and the Grenadines","VCT",1999,0.2115
"Sweden","SWE",1999,0.1249
"Switzerland","CHE",1999,0.1447
"Tajikistan","TJK",1999,0.1183
"Thailand","THA",1999,0.1898
"Togo","TGO",1999,0.2342
"Tonga","TON",1999,0.2261
"Trinidad and Tobago","TTO",1999,0.1123
"Tunisia","TUN",1999,0.249
"Ukraine","UKR",1999,0.1353
"United Kingdom","GBR",1999,0.1175
"Vanuatu","VUT",1999,0.2582
"Afghanistan","AFG",2016,0.1621
"Albania","ALB",2016,0.136
"Andorra","AND",2016,0.0967
"Argentina","ARG",2016,0.1338
"Armenia","ARM",2016,0.102
"Aruba","ABW",2016,0.2137
"Australia","AUS",2016,0.1377
"Austria","AUT",2016,0.1095
"Azerbaijan","AZE",2016,0.0821
"Bangladesh","BGD",2016,0.1142
"Barbados","BRB",2016,0.1406
"Belarus","BLR",2016,0.1216
"Belgium","BEL",2016,0.1234
"Belize","BLZ",2016,0.2055
"Benin","BEN",2016,0.1879
"Bhutan","BTN",2016,0.2618
"Brunei Darussalam","BRN",2016,0.1144
"Burundi","BDI",2016,0.2091
"Cabo Verde","CPV",2016,0.1784
"Cameroon","CMR",2016,0.1269
"Chile","CHL",2016,0.2116
"Colombia","COL",2016,0.1621
"Congo, Dem. Rep.","COD",2016,0.1481
"Costa Rica","CRI",2016,0.2342
"Cote d'Ivoire","CIV",2016,0.2252
"Czech Republic","CZE",2016,0.1415
"El Salvador","SLV",2016,0.1611
"Estonia","EST",2016,0.1309
"Finland","FIN",2016,0.1233
"France","FRA",2016,0.096
"Gambia, The","GMB",2016,0.1036
"Georgia","GEO",2016,0.1267
"Germany","DEU",2016,0.1094
"Ghana","GHA",2016,0.2209
"Grenada","GRD",2016,0.4279
"Guatemala","GTM",2016,0.2343
"Guinea","GIN",2016,0.1577
"Guyana","GUY",2016,0.1872
"Haiti","HTI",2016,0.1313
"Honduras","HND",2016,0.2294
"Hong Kong SAR, China","HKG",2016,0.1813
"Hungary","HUN",2016,0.1007
"Iceland","ISL",2016,0.1684
"Iran, Islamic Rep.","IRN",2016,0.193
"Ireland","IRL",2016,0.1345
"Israel","ISR",2016,0.1545
"Italy","ITA",2016,0.0781
"Jamaica","JAM",2016,0.1915
"Jordan","JOR",2016,0.1328
"Kazakhstan","KAZ",2016,0.1387
"Kenya","KEN",2016,0.1734
"Kyrgyz Republic","KGZ",2016,0.1666
"Latvia","LVA",2016,0.1289
"Lithuania","LTU",2016,0.1203
"Macao SAR, China","MAC",2016,0.1374
"Malawi","MWI",2016,0.171
"Malaysia","MYS",2016,0.2094
"Maldives","MDV",2016,0.1129
"Mali","MLI",2016,0.139
"Mauritania","MRT",2016,0.0933
"Mauritius","MUS",2016,0.1996
"Mexico","MEX",2016,0.1794
"Moldova","MDA",2016,0.1849
"Monaco","MCO",2016,0.066
"Mongolia","MNG",2016,0.1279
"Nepal","NPL",2016,0.1913
"Netherlands","NLD",2016,0.1281
"New Zealand","NZL",2016,0.1682
"Nicaragua","NIC",2016,0.1792
"Niger","NER",2016,0.1535
"Norway","NOR",2016,0.1597
"Pakistan","PAK",2016,0.1506
"Paraguay","PRY",2016,0.1815
"Peru","PER",2016,0.1787
"Poland","POL",2016,0.1129
"Russian Federation","RUS",2016,0.1099
"Rwanda","RWA",2016,0.1228
"Samoa","WSM",2016,0.1048
"Sao Tome and Principe","STP",2016,0.1597
"Senegal","SEN",2016,0.2134
"Serbia","SRB",2016,0.0869
"Seychelles","SYC",2016,0.1172
"Sierra Leone","SLE",2016,0.1247
"Slovak Republic","SVK",2016,0.0942
"Slovenia","SVN",2016,0.1172
"South Africa","ZAF",2016,0.1805
"South Sudan","SSD",2016,0.0085
"Spain","ESP",2016,0.0997
"Sri Lanka","LKA",2016,0.1773
"St. Lucia","LCA",2016,0.2198
"St. Vincent and the Grenadines","VCT",2016,0.2015
"Sweden","SWE",2016,0.1573
"Switzerland","CHE",2016,0.1553
"Timor-Leste","TLS",2016,0.0736
"Togo","TGO",2016,0.1599
"Uganda","UGA",2016,0.1138
"Ukraine","UKR",2016,0.1235
"United Kingdom","GBR",2016,0.1383
"Uruguay","URY",2016,0.1435
"Uzbekistan","UZB",2016,0.2385
"Vietnam","VNM",2016,0.153
"Afghanistan","AFG",2017,0.1566
"Andorra","AND",2017,0.1896
"Argentina","ARG",2017,0.1327
"Armenia","ARM",2017,0.104
"Azerbaijan","AZE",2017,0.0695
"Bahrain","BHR",2017,0.0718
"Bangladesh","BGD",2017,0.1839
"Barbados","BRB",2017,0.1288
"Belarus","BLR",2017,0.1228
"Belize","BLZ",2017,0.213
"Bermuda","BMU",2017,0.0777
"Bhutan","BTN",2017,0.2404
"Burundi","BDI",2017,0.204
"Cabo Verde","CPV",2017,0.1638
"Cameroon","CMR",2017,0.1547
"Chile","CHL",2017,0.213
"Colombia","COL",2017,0.1619
"Congo, Dem. Rep.","COD",2017,0.1171
"Costa Rica","CRI",2017,0.3015
"Cote d'Ivoire","CIV",2017,0.2068
"El Salvador","SLV",2017,0.1559
"Georgia","GEO",2017,0.1295
"Ghana","GHA",2017,0.201
"Grenada","GRD",2017,0.1404
"Guatemala","GTM",2017,0.2309
"Guinea","GIN",2017,0.1338
"Guyana","GUY",2017,0.1828
"Honduras","HND",2017,0.2202
"Hong Kong SAR, China","HKG",2017,0.1784
"Iran, Islamic Rep.","IRN",2017,0.2004
"Jamaica","JAM",2017,0.184
"Jordan","JOR",2017,0.1207
"Kazakhstan","KAZ",2017,0.1143
"Kenya","KEN",2017,0.1788
"Kyrgyz Republic","KGZ",2017,0.1588
"Malawi","MWI",2017,0.1434
"Malaysia","MYS",2017,0.2168
"Mauritius","MUS",2017,0.1993
"Moldova","MDA",2017,0.1833
"Monaco","MCO",2017,0.0698
"Mongolia","MNG",2017,0.1349
"Myanmar","MMR",2017,0.1015
"Nepal","NPL",2017,0.1575
"Niger","NER",2017,0.1322
"Oman","OMN",2017,0.1534
"Pakistan","PAK",2017,0.1454
"Peru","PER",2017,0.1824
"Qatar","QAT",2017,0.0856
"Rwanda","RWA",2017,0.1108
"San Marino","SMR",2017,0.131
"Sao Tome and Principe","STP",2017,0.184
"Senegal","SEN",2017,0.2156
"Serbia","SRB",2017,0.0926
"Sierra Leone","SLE",2017,0.1989
"South Africa","ZAF",2017,0.1872
"South Sudan","SSD",2017,0.0107
"Sri Lanka","LKA",2017,0.145
"St. Vincent and the Grenadines","VCT",2017,0.1895
"Timor-Leste","TLS",2017,0.0828
"Uganda","UGA",2017,0.1204
"Ukraine","UKR",2017,0.1305
"Uruguay","URY",2017,0.1462
"Uzbekistan","UZB",2017,0.2303
"Vanuatu","VUT",2017,0.1178
"Andorra","AND",2018,0.1932
"Bangladesh","BGD",2018,0.1465
"Bhutan","BTN",2018,0.2277
"Cambodia","KHM",2018,0.0898
"Colombia","COL",2018,0.163
"Costa Rica","CRI",2018,0.2609
"Cote d'Ivoire","CIV",2018,0.1847
"Guatemala","GTM",2018,0.2375
"Guinea","GIN",2018,0.1329
"Honduras","HND",2018,0.2294
"Hong Kong SAR, China","HKG",2018,0.1879
"Iran, Islamic Rep.","IRN",2018,0.2115
"Jamaica","JAM",2018,0.1858
"Jordan","JOR",2018,0.2853
"Lesotho","LSO",2018,0.1351
"Malaysia","MYS",2018,0.1974
"Mauritius","MUS",2018,0.1965
"Myanmar","MMR",2018,0.0999
"Nepal","NPL",2018,0.1417
"Peru","PER",2018,0.1699
"Rwanda","RWA",2018,0.108
"Sierra Leone","SLE",2018,0.302
"South Africa","ZAF",2018,0.1887
"Sri Lanka","LKA",2018,0.1133
"St. Lucia","LCA",2018,0.1478
"St. Vincent and the Grenadines","VCT",2018,0.1881
"Timor-Leste","TLS",2018,0.0729
"Turks and Caicos Islands","TCA",2018,0.1197
"Vietnam","VNM",2018,0.1478
